,name
0,Alantoína alquitrán de hulla y clioquinol crema 0.2 g/100 g/ 5 g/100 g y 3 g/100 g - envase con 60 g.
1,"Alantoína y alquitrán de hulla de 20.0 mg / 9.4 mg / ml, suspensión dérmica, envase con 120 ml. - envase con 120 ml"
2,"Desogestrel y etinilestradiol de 0.15 mg/0.03 mg, tableta, envase con 21 tabletas. - 21 tabletas"
3,"Desogestrel y etinilestradiol de 0.15 mg/0.03 mg, tableta, envase con 28 tabletas (21 con hormonales y 7 sin hormonales). - 28 tabletas (21 con hormonales y 7 sin hormonales)"
4,"Lidocaína, clorhidrato de, epinefrina de 1 g / (1:200000) / 0.25 mg, solución inyectable al 2%, envase con 5 frascos ámpula con 50 ml. - 5 frascos ámpula con 50 ml"
5,"Lidocaína, clorhidrato de, epinefrina de 36 mg / (1:100000) / 0.018 mg, solución inyectable al 2%, envase con 50 cartuchos dentales con 1.8 ml. - 50 cartuchos dentales con 1.8 ml"
6,"Estrogenos conjugados origen natural, grageas de .625 mg - envase con 42 grageas o tabletas"
7,"Norelgestromina y etinilestradiol de 6 mg/0.60 mg, parche, envase con 3 parches. - 3 parches"
8,"Ezetimiba-simvastatina de 10 mg/ 20 mg, comprimido, envase con 14 comprimidos. - envase con 14 comprimidos."
9,"Lidocaína, clorhidrato de, glucosa monohidratada de 100 mg / 2 ml / 150 mg, solución inyectable al 5%, envase con 50 ampolletas con 2 ml. - 50 ampolletas con 2 ml"
10,"Irbesartán - hidroclorotiazida de 150 mg/12.5 mg, tableta, envase con 28 tabletas. - envase con 28 tabletas."
11,"Telmisartán - hidroclorotiazida de 80.0 mg/12.5 mg, tableta, envase con 14 tabletas. - envase con 14 tabletas."
12,Lidocaina-hidrocortisona ungüento 50 mg/2.5 mg/1g - envase
13,Zinc y fenilefrina solución oftálmica 2.5 mg/1.2 mg/ ml - envase con gotero integral con 15 ml.
14,"Trimetoprima - sulfametoxazol de 80 mg/400 mg, comprimido o tableta, envase con 20 comprimidos o tabletas. - 20 tabletas o comprimidos"
15,"Trimetoprima - sulfametoxazol de 40 mg/200 mg/5 ml, suspensión oral, envase con 120 ml y dosificador. - envase con 120 ml"
16,Aceite lubricante para pieza de mano de baja velocidad - envase c/240 ml.
17,Jalea lubricante. aséptica. - envase con 135 g
18,"Levonorgestrel y etinilestradiol de 0.15 mg/0.03 mg, gragea, envase con 21 grageas. - 21 grageas"
19,"Levonorgestrel y etinilestradiol de 0.15 mg/0.03 mg, gragea, envase con 28 grageas (21 con hormonales y 7 sin hormonales). - 28 grageas (21 con hormonales y 7 sinhormonales)"
20,Condón masculino de hule látex. envase con 100 piezas. - envase con 100 piezas
21,"Butilhioscina - metamizol gragea 10 mg/ 250 mg, - envase con 36 grageas"
22,Butilhioscina - metamizol solución inyectable 20 mg/2.5 g/5 ml - envase con 5 ampolletas de 5 ml.
23,"Butilhioscina (n butilbromuro de hioscina) - metamizol) de 20 mg / 2.5 g / 5 ml, solución inyectable, envase con 5 ampolletas de 5 ml. - 5 ampolletas con 5 ml"
24,"Butilhioscina, bromuro de o butilbromuro de hioscina de 10 mg, gragea o tableta, envase con 10 gragea o tabletas. - 10 grageas o tabletas"
25,"Butilhioscina, bromuro de ó butilbromuro de hioscina de 20 mg, solución inyectable, envase con 3 ampolletas de 1 ml. - 3 ampolletas con 1.0 ml"
26,"Sucedáneo de leche humana de término de kcal 509-528/100g, lípidos 25.80-28.90/100g, proteínas 9.50-12.0/100g, hidrato de carbono 55.20-57.90/100g, polvo, envase de lata con 400 a 454 g y medida de 4.30 a 4.50 g. - envase con 400 a 454 g"
27,"Acenocumarol de 4 mg, tableta, envase con 20 tabletas. - 20 tabletas"
28,"Acenocumarol de 4 mg, tableta, envase con 30 tabletas. - 30 tabletas"
29,Alcohol desnaturalizado - envase con 20 l.
30,Alcohol desnaturalizado. envase con 1 litro - envase con 1 l.
31,"Alopurinol de 100 mg, tableta, envase con 20 tabletas. - 20 tabletas"
32,"Alopurinol de 100 mg, tableta, envase con 50 tabletas. - 50 tabletas"
33,"Alopurinol de 300 mg, tableta, envase con 20 tabletas. - 20 tabletas"
34,"Ambroxol, clorhidrato de de 30 mg, comprimido, envase con 20 comprimidos. - 20 comprimidos"
35,"Ambroxol, clorhidrato de de 300 mg/100 ml, solución, envase con 120 ml y dosificador. - envase con 120 ml"
36,"Aminofilina de 250 mg/10 ml, solución inyectable, envase con 5 ampolletas de 10 ml. - 5 ampolletas de 10 ml"
37,Amlodipino tabletas o capsulas 5 mg. - envase con 10 ó 30 capsulas o tabletas
38,"Amlodipino, besilato de de 5 mg, tableta o cápsula, envase con 10 tabletas o cápsulas. - 10 tabletas o cápsulas."
39,Benzonatato perla cada perla contiene benzonatato 100 mg - envase con 20 perlas
40,"Benzoilo, peróxido de de 5 g / 100 ml, loción dérmica, envase con 30 ml. - envase con 30 ml"
41,"Benzoilo, peróxido de de 5 g / 100 ml, loción dérmica, envase con 50 ml. - envase con 50 ml"
42,"Benzoilo, peróxido de de 5 g / 100 g, gel dérmico, envase con 60 g. - envase con 60 ml"
43,"Bismuto, subsalicilato de de 1.750 g/100ml, suspensión oral, envase con 240 ml. - envase con 240 ml"
44,"Bromocriptina, mesilato de (gt5) de cada tableta contiene: mesilato de bromocriptina equivalente a 2.5 mg de bromocriptina., tableta, envase con 14 tabletas. - 14 tabletas"
45,Calcio comprimido efervescente cada comprimido contiene: lactato gluconato de calcio 2.94 g carbonato de calcio 300 mg equivalente a 500 mg de calcio ionizable. - 12 comprimidos
46,"Hidròxido de calcio estuche base-catalizador, para sellar cavidades dentales. de hidróxido de calcio, compuesto autopolimerizable, dos pastas semilíquidas, base 13g y catalizador 11gr con bloque de papel para mezclar, estuche con juego y aplicador desechable - pieza"
47,"Cefalexina monohidratada de 500 mg, tableta o cápsula, envase con 20 tabletas o cápsulas. - envase con 20 tabletas o cápsulas."
48,Jabon con clorhexidina al 4 % antiseptico de amplio espectro con accion intermedia y prolongada para lavado de manos ingrediente activo al 4 % p/v 946 ml pieza - pieza
49,"Clortalidona (gt3) de 50 mg, tableta, envase con 20 tabletas. - envase con 20 tabletas."
50,Cinitaprida granulado 1 mg 30 sobres - envase
51,"Cinitaprida, bitartrato de de 1 mg, comprimido, envase con 25 comprimidos. - 25 comprimidos"
52,"Cinitaprida, bitartrato de de 1 mg, granulado, envase con 30 sobres. - 30 sobres"
53,"Cinitaprida, bitartrato de de 20 mg/100 ml, solución oral, envase con 120 ml (1 mg/5 ml) y cucharita dosificadora. - envase con 120 ml y cucharita dosificadora"
54,Cisaprida suspensión cada 100 ml contienen: cisaprida 100 mg - envase con 60 ml y dosificador de 5 ml
55,Cisaprida tableta 10 mg - caja con 30 tabletas
56,Cisaprida tableta cada tableta contiene: cisaprida 5 mg . - envase con 30 tabletas.
57,"Citalopram, bromhidrato de de 20 mg, tableta, envase con 14 tabletas. - 14 tabletas"
58,"Citalopram, bromhidrato de de 20 mg, tableta, envase con 28 tabletas. - 28 tabletas"
59,"Clindamicina, clorhidrato de de 300 mg, cápsula, envase con 16 cápsulas. - 16 cápsulas"
60,"Clioquinol de 30 mg / g, crema, envase con 20 g. - envase con 20 g"
61,"Colchicina de 1 mg, tableta, envase con 30 tabletas. - 30 tabletas"
62,"Cromoglicato de sodio de 560/ 5 mg, suspensión aerosol, envase con espaciador para 112 dosis de 5 mg. - envase con 16 g para 112 inhalaciones"
63,Dextrometorfano jarabe 300 mg. - envase con 60 ml y dosificador
64,"Diclofenaco sódico de 75 mg/3 ml, solución inyectable, envase con 2 ampolletas con 3 ml. - 2 ampolletas con 3 ml"
65,"Diclofenaco sódico de 100 mg, cápsula o gragea de liberación prolongada, envase con 20 cápsulas o grageas. - 20 cápsulas o grageas"
66,"Dicloxacilina sódica de 250 mg / 5 ml, suspensión oral, envase con polvo para 60 ml y dosificador. - envase para 60 ml"
67,"Dicloxacilina sódica de 500 mg, cápsula o comprimido, envase con 20 cápsulas o comprimidos. - 20 cápsulas o comprimidos"
68,"Dimenhidrinato de 50 mg/ml, solución inyectable, envase con una ampolleta de 1 ml. - ampolleta con 1 ml"
69,Difenhidramina jarabe 12.5mg/ml - envase
70,"Difenhidramina, clorhidrato de de 100 mg / 10 ml, solución inyectable, envase con frasco ámpula de 10 ml. - frasco ámpula con 10 ml."
71,"Difenhidramina, clorhidrato de de 250 mg/100 ml, jarabe, envase con 60 ml. - envase con 60 ml"
72,"Difenidol, clorhidrato de de 25 mg, tableta, envase con 30 tabletas. - 30 tabletas"
73,"Difenidol, clorhidrato de de 40 mg/ 2 ml, solución inyectable, envase con 2 ampolletas con 2 ml. - envase con 2 ampolletas con 2 ml."
74,"Metamizol sódico de 500 mg, comprimido, envase con 10 comprimidos. - 10 comprimidos"
75,"Metamizol sódico de 1 g / 2 ml, solución inyectable, envase con 3 ampolletas con 2 ml. - 3 ampolletas con 2 ml"
76,"Doxiciclina, hiclato de de 50 mg, cápsula o tableta, envase con 28 cápsulas o tabletas. - 28 cápsulas o tabletas"
77,"Doxiciclina, hiclato de de 100 mg, cápsula o tableta, envase con 10 cápsulas o tabletas. - 10 cápsulas o tabletas"
78,"Epinefrina de cada ampolleta contiene: epinefrina 1 mg (1:1 000), solución inyectable, envase con 50 ampolletas con 1 ml. - 50 ampolletas de 1.0 ml"
79,"Eritromicina, estearato de de 250 mg / 5 ml, suspensión oral, envase con polvo para 100 ml y dosificador. - envase para 100 ml"
80,"Eritromicina, estearato de de 500 mg, cápsula o tableta, envase con 20 cápsulas o tabletas. - 20 cápsulas o tabletas"
81,Estrógenos conjugados crema vaginal 0.625 mg/ g - envase con 43 g. y aplicador
82,"Estrógenos conjugados de origen vegetal de 0.625 mg, gragea o tableta, envase con 42 grageas o tabletas. - 42 grageas o tabletas"
83,"Etonogestrel de 68 mg, implante, envase con un implante y aplicador. - implante y aplicador."
84,Felodipino tableta de liberación prolongada 5 mg - envase con 10 tabletas
85,"Fumarato ferroso de cada tableta contiene: fumarato ferroso 200 mg equivalente a 65.74 mg de hierro elemental, tableta, envase con 50 tabletas. - 50 tabletas"
86,"Fumarato ferroso de cada ml contiene: fumarato ferroso 29 mg equivalente a 9.53 mg de hierro elemental, suspensión oral, envase con 120 ml. - envase con 120 ml"
87,"Sulfato ferroso desecado de cada tableta contiene: sulfato ferroso desecado aproximadamente 200 mg equivalente a 60.27 mg de hierro elemental, tableta, envase con 30 tabletas. - 30 tabletas"
88,Fluocinolona acetonido de crema 0.1 mg/g - envase con 20 gramos
89,"Fluoxetina, clorhidrato de de 20 mg, cápsula o tableta, envase con 14 cápsulas o tabletas. - 14 cápsulas o tabletas"
90,"Fluoxetina, clorhidrato de de 20 mg, cápsula o tableta, envase con 28 cápsulas o tabletas. - 28 cápsulas o tabletas"
91,"Ácido fólico de 0.4 mg, tableta, envase con 90 tabletas. - 90 tabletas"
92,"Ácido fólico de 4 mg, tableta, envase con 90 tabletas. - 90 tabletas"
93,"Ácido fólico de 5 mg, tableta, envase con 20 tabletas. - 20 tabletas"
94,"Ácido fólico de 5 mg, tableta, envase con 92 tabletas. - 92 tabletas"
95,"Rifampicina de 100 mg / 5 ml, suspensión oral, envase con 120 ml y dosificador. - envase con 120 ml"
96,"Rifampicina de 300 mg, cápsula, comprimido o tableta recubierta, envase con 1000 cápsulas, comprimidos o tabletas recubiertas. - 1 000 cápsulas o comprimidos o tabletas recubiertas"
97,"Glucosa anhidra de cada 100 ml contienen: glucosa anhidra 50 g equivalente a 50.0 g de glucosa. contiene: glucosa 25 g, solución inyectable al 50 %, envase con 50 ml. - envase con 50 ml"
98,Glicerina envase con 55 ml - envase
99,"Inmunoglobulina humana antirrábica de cada frasco ámpula o ampolleta contiene: inmunoglobulina humana antirrábica 300 ui, solución inyectable, envase con un frasco ámpula o ampolleta con 2 ml. - frasco ámpula o ampolleta con 2 ml"
100,Hidralazina solución inyectable cada ampolleta contiene: clorhidrato de hidralazina 10 mg. - 5 ampolletas con 1.0 ml
101,"Hidralazina, clorhidrato de de 10 mg, tableta, envase con 20 tabletas. - 20 tabletas"
102,"Hidralazina, clorhidrato de de cada ampolleta contiene: clorhidrato de hidralazina 10 mg / ml, solución inyectable, envase con 5 ampolletas con 1 ml. - 5 ampolletas con 1.0 ml"
103,"Hidralazina, clorhidrato de de cada ampolleta contiene: clorhidrato de hidralazina 20 mg / ml, solución inyectable, envase con 5 ampolletas con 1 ml. - 5 ampolletas con 1.0 ml"
104,"Hidrocortisona, 17-butirato de de 1 mg / g, crema, envase con 15 g. - envase con 15 g"
105,"Hidrocortisona, succinato sódico de de 100 mg / 2 ml, solución inyectable, envase con 50 frascos ámpula y 50 ampolletas con 2 ml de diluyente. - 50 frascos ámpula y 50 ampolletas con2 ml de diluyente."
106,"Hipromelosa de 20 mg/ml, solución oftálmica al 2%, envase con gotero integral con 15 ml. - envase con gotero integral con 15 ml."
107,Insulina glargina solución inyectable 3.64 mg/ml. - envase con 5 cartuchos de vidrio con 3 ml. en dispositivo desechable
108,"Insulina humana isófana acción intermedia nph (origen adn recombinante ) de 100 ui / ml, suspensión inyectable, envase con un frasco ámpula con 10 ml. - un frasco ámpula con 10 ml"
109,"Insulina zinc isófana humana acción intermedia nph (origen adn recombinante ) de 100 ui / ml, suspensión inyectable, envase con un frasco ámpula con 5 ml. - un frasco ámpula con 5 ml"
110,"Insulina humana acción rápida regular (origen adn recombinante ) de 100 ui / ml, solución inyectable, envase con un frasco ámpula con 5 ml. - un frasco ámpula con 5 ml"
111,"Insulina humana acción rápida regular (origen adn recombinante) de 100 ui / ml, solución inyectable, envase con un frasco ámpula con 10 ml. - un frasco ámpula con 10 ml"
112,"Insulina zinc compuesta humana (origen adn recombinante )acción intermedia de 100 ui / ml, suspensión inyectable, envase con un frasco ámpula con 10 ml. - un frasco ámpula con 10 ml"
113,Hierro dextrán solución inyectable - 100 mg/2 ml - 3 ampolletas con 2 ml - envase
114,"Isoconazol, nitrato de de 1 g / 100 g, crema, envase con 20 g. - envase con 20 g"
115,"Itraconazol de 100 mg, cápsula, envase con 15 cápsulas. - 15 cápsulas"
116,"Ketoprofeno de 100 mg, cápsula, envase con 15 cápsulas. - 15 cápsulas"
117,Ketorolaco tometamina tabletas de 10 mg - frasco de 10 tabletas con 10 mg
118,"Lidocaína de 10.0 g / 100 ml, solución al 10%, envase con 115 ml con atomizador manual. - 115 ml con atomizador manual"
119,"Lidocaína, clorhidrato de (gt3) de 500 mg / 50 ml, solución inyectable al 1%, envase con 5 frascos ámpula de 50 ml. - 5 frascos ámpula con 50 ml"
120,"Lidocaína, clorhidrato de de 1 g / 50 ml, solución inyectable al 2%, envase con 5 frascos ámpula con 50 ml. - 5 frascos ámpula con 50 ml"
121,Loperamida tableta cada comprimido tabletas o gragea contiene: clorhidrato de loperamida 2 mg. - envase con 12 tabletas.
122,"Loperamida, clorhidrato de de 2 mg, comprimido, tableta o gragea, envase con 12 comprimidos, tabletas o grageas. - 12 comprimidos, tabletas o grageas"
123,"Loratadina de 10 mg, tableta o gragea, envase con 20 tabletas o grageas. - 20 tabletas o grageas"
124,Loratadina jarabe 5mg/5ml. - envase
125,Losartan gragea 50 mg - gragea
126,"Magnesio, valproato de de 600 mg, tableta de liberación prolongada, envase con 30 tabletas. - 30 tabletas"
127,"Magnesio, valproato de (ácido valproico) de 185.6 mg / 200 mg, tableta con cubierta entérica, envase con 40 tabletas. - 40 tabletas"
128,"Magnesio, valproato de (ácido valproico) de 186 mg/ml, solución, envase con 40 ml. - envase con 40 ml"
129,"Medroxiprogesterona, acetato de, estradiol, cipionato de de 25 mg/5 mg/0.5 ml, suspensión inyectable, envase con una ampolleta con 0.5 ml. - ampolleta o jeringa prellenada con 0.5 ml"
130,"Meloxicam de 15 mg, tableta, envase con 10 tabletas. - envase con 10 tabletas."
131,Mercurio tridestilado. quimicamene puro. envase con 250 g. - envase con 250 g
132,"Metformina, clorhidrato de de 850 mg, tableta, envase con 30 tabletas. - 30 tabletas"
133,"Metocarbamol de 400 mg, tableta, envase con 30 tabletas. - 30 tabletas"
134,"Metoclopramida, clorhidrato de de 4 mg/ml, solución, envase frasco gotero con 20 ml. - frasco gotero con 20 ml"
135,"Metoclopramida, clorhidrato de de 10 mg, solución inyectable, envase con 6 ampolletas de 2 ml. - 6 ampolletas con 2 ml"
136,"Metoclopramida, clorhidrato de de 10 mg, tableta, envase con 20 tabletas. - 20 tabletas"
137,"Metoprolol, tartrato de de 100 mg, tableta, envase con 20 tabletas. - 20 tabletas"
138,"Metronidazol, benzoilo de de 250 mg / 5 ml, suspensión oral, envase con 120 ml y dosificador. - envase con 120 ml"
139,Aceite mineral para uso externo - frasco con 250 ml
140,Misoprostrol cada tableta contiene: misoprostol 200 µg envase con 28 comprimidos - envase con 28 comprimidos.
141,"Mometasona, monohidratada furoato de (gt18) de 0.050 g/100 ml, suspensión para inhalación, envase nebulizador con 18 ml y válvula dosificadora (140 nebulizaciones de 50 µg cada una). - envase nebulizador con 18 ml y válvula dosificadora (140 nebulizaciones de 50 µg cada una)."
142,"Nafazolina, clorhidrato de de 1 mg/ml, solución oftálmica, envase con gotero integral con 15 ml. - gotero integral con 15 ml"
143,"Naproxeno de 125 mg/ 5 ml, suspensión oral, envase con 100 ml. - envase con 100 ml"
144,"Naproxeno de 250 mg, tableta, envase con 30 tabletas. - 30 tabletas"
145,"Neomicina, sulfato de, polimixina b, sulfato de y gramicidina de 1.75 mg/5 000 u/25 µg/ml., solución oftálmica, envase con gotero integral con 15 ml. - gotero integral con 15 ml"
146,"Nitazoxanida de 100 mg/5 ml, suspensión oral, envase con 30 ml. - envase con 30 ml"
147,"Nitazoxanida de 200 mg, tableta, envase con 6 tabletas. - 6 tabletas"
148,"Nitrofurantoína de 100 mg, cápsula, envase con 40 cápsulas. - 40 cápsulas"
149,"Nitrofurantoína de 500 mg/100 ml, suspensión oral, envase con 120 ml (25 mg/5 ml). - envase con 120 ml"
150,Nitrofurantoina suspension 25mg/5ml. - envase
151,"Nitrofural de 6 mg, óvulo, envase con 6 óvulos. - 6 óvulos"
152,"Trinitrato de glicerilo de 0.8 mg, cápsula o tableta masticable, envase con 24 cápsulas o tabletas masticables. - 24 cápsulas o tabletas"
153,"Paroxetina, clorhidrato de de 20 mg, tableta, envase con 10 tabletas. - 10 tabletas"
154,"Permetrina de 1 g/100 ml, solución, envase con 110 ml. - envase con 110 ml"
155,Fenazopiridina tableta 100 mg. - envase con 20 tabletas.
156,"Fenitoína de 37.5 mg/5 ml, suspensión oral, envase con 120 ml y vasito dosificador de 5 ml. - envase con 120 ml y dosificador de 5 ml"
157,"Fenitoína sódica de 100 mg, cápsula o tableta, envase con 50 tabletas o cápsulas. - 50 tabletas o cápsulas"
158,"Fenitoína sódica de 250 mg/5 ml, solución inyectable, envase con una ampolleta (250 mg/5 ml). - una ampolleta con 5 ml"
159,"Fenitoína sódica de 30 mg, tableta, envase con 50 tabletas. - 50 tabletas"
160,Piroxicam capsula o tableta 20 mg. - envase con 20 capsulas o tabletas.
161,"Podofilina, resina de de 250 mg / ml, solución dérmica, envase con 5 ml. - envase con 5 ml"
162,"Alcohol polivinílico de 14 mg/ml, solución oftálmica, envase con gotero integral con 15 ml. - gotero integral con 15 ml"
163,Iodopovidona espuma. cada 100 ml contienen: iodopovidona 8 g. equivalente a 0.8 g de yodo. - envase con 3.5 l.
164,"Iodopovidona solucion cada 100 ml contienen iodopovidona 11 g., equivalente a 1.1 g de yodo. envase con 3.5 ml. - envase con 3.5 l"
165,"Prazicuantel de 600 mg, tableta, envase con 25 tabletas. - 25 tabletas"
166,"Prednisona (gt12) de 5 mg, tableta, envase con 20 tabletas - 20 tabletas"
167,"Prednisona de 50 mg, tableta, envase con 20 tabletas. - 20 tabletas"
168,"Primaquina, fosfato de de 15 mg, tableta, envase con 20 tabletas. - 20 tabletas"
169,"Primaquina, fosfato de de 5 mg, tableta, envase con 20 tabletas. - 20 tabletas"
170,"Propranolol, clorhidrato de de 10 mg, tableta, envase con 30 tabletas. - 30 tabletas"
171,"Propranolol, clorhidrato de de 40 mg, tableta, envase con 30 tabletas. - 30 tabletas"
172,"Plántago psyllium de 49.7 g/100 g, polvo, envase con 400 g. - envase con 400 g"
173,"Pirantel, pamoato de de 250 mg, tableta, envase con 6 tabletas. - 6 tabletas"
174,"Piridoxina de 300 mg, tableta, envase con 10 tabletas. - 10 tabletas"
175,Quinfamida tableta 300 mg - envase con 1 tableta
176,"Senósidos a-b de concentrado de sen desecados 187 mg (normalizado a 8.6 mg), tableta, envase con 20 tabletas. - 20 tabletas"
177,"Senósidos a-b de concentrado de sen equivalente a 200 mg/100 ml, solución oral, envase con 75 ml. - envase con 75 ml"
178,"Valproato semisódico (ácido valproico) de 500 mg, tableta de liberación prolongada, envase con 30 tabletas de liberación prolongada. - 30 tabletas"
179,"Estreptomicina, sulfato de de 1 g, solución inyectable, envase con un frasco ámpula y diluyente con 2 ml. - frasco ámpula y diluyente con 2 ml"
180,"Sulfacetamida sódica de 0.1 g/ml, solución oftálmica, envase con gotero integral con 15 ml. - gotero integral con 15 ml"
181,"Terbutalina, sulfato de de 5 mg, tableta, envase con 20 tabletas. - 20 tabletas"
182,"Tetraciclina, clorhidrato de de 250 mg, tableta o cápsula, envase con 10 tabletas o cápsulas. - 10 tabletas o cápsulas"
183,"Teofilina anhidra de 533 mg/100 ml, elíxir, envase con 450 ml y dosificador. - envase con 450 ml"
184,"Teofilina anhidra de 100 mg., comprimido ó tableta o cápsula de liberación prolongada, envase con 20 comprimidos o tabletas o cápsulas de liberación prolongada. - 20 comprimidos ó tabletas ó cápsulas de liberación prolongada"
185,"Complejo b de tiamina, mononitrato de, 100mg, piridoxina 5 mg, cianocobalamina 50 µg, tableta, comprimido o cápsula, envase con 30 tabletas, comprimidos o cápsulas. - 30 tabletas, comprimidos o cápsulas"
186,"Tiotropio monohidratado, bromuro de de 18 µg, cápsula, envase con 30 cápsulas (repuesto). - envase con 30 cápsulas (repuesto)."
187,"Tiotropio monohidratado, bromuro de de 18 µg, cápsula, envase con 30 cápsulas y dispositivo inhalador. - envase con 30 cápsulas y dispositivo inhalador."
188,"Ácido valproico de 250 mg, cápsula, envase con 60 cápsulas. - 60 cápsulas"
189,Vitamina e gragea o cápsula de gelatina 400 mg - envase con 99 ó 100 grageas o capsulas
190,"Fitomenadiona solución o emulsión inyectable, cada ampolleta contiene fitomenadiona 10 mg. presentación: 5 ampolletas con 1.0 ml - envase con 5 ampolletas de 1 ml."
191,"Fitomenadiona de 2 mg, solución o emulsión inyectable, envase con 3 ampolletas de 0.2 ml. - 3 ampolletas con 0.2 ml"
192,"Fitomenadiona de 2 mg, solución o emulsión inyectable, envase con 5 ampolletas de 0.2 ml. - envase con 5 ampolletas de 0.2 ml."
193,"Clorfenamina, maleato de de 4.0 mg, tableta, envase con 20 tabletas. - 20 tabletas"
194,"Clorfenamina, maleato de de 10 mg / ml, solución inyectable, envase con 5 ampolletas con 1 ml. - 5 ampolletas"
195,"Clorfenamina, maleato de de 0.5 mg/ml, jarabe, envase con 60 ml. - envase con 60 ml"
196,"Gentamicina, sulfato de de 20 mg, solución inyectable, envase con ampolleta con 2 ml. - ampolleta con 2 ml"
197,"Gentamicina, sulfato de de 80 mg, solución inyectable, envase con ampolleta con 2 ml. - ampolleta con 2 ml"
198,"Beclometasona, dipropionato de 10 mg, suspensión en aerosol, envase con inhalador con 200 dosis de 50 µg. - envase con inhalador con 200 dosis de50 microgramo"
199,"Beclometasona, dipropionato de de 50 mg, suspensión en aerosol, envase con inhalador con 200 dosis de 250 µg. - inhalador con 200 dosis de 250 microgramo"
200,"Hidroclorotiazida de 25 mg, tableta, envase con 20 tabletas. - 20 tabletas"
201,"Esomeprazol o pantoprazol o rabeprazol u omeprazol o (agrupamiento de inhibidores la bomba de protones) tableta o gragea o cápsula esomeprazol 40 mg o pantoprazol 40 mg o rabeprazol 20 mg u omeprazol 20 mg. - 7, 14 tabletas o grageas o cápsulas"
202,"Levonorgestrel de 0.03 mg, gragea, envase con 35 grageas. - 35 grageas"
203,"Levonorgestrel de 0.750 mg, comprimido o tableta, envase con 2 comprimidos o tabletas. - envase con 2 comprimidos o tabletas."
204,"Metronidazol de 500 mg, óvulo o tableta vaginal, envase con 10 óvulos o tabletas. - 10 óvulos o tabletas vaginales"
205,"Metronidazol de 500 mg, tableta, envase con 20 tabletas. - 20 tabletas"
206,"Metronidazol de 500 mg, tableta, envase con 30 tabletas. - 30 tabletas"
207,"Mebendazol de 100 mg, tableta, envase con 6 tabletas. - 6 tabletas"
208,"Claritromicina de 250 mg, tableta, envase con 10 tabletas. - 10 tabletas"
209,"Nifedipino de 10 mg, cápsula de gelatina blanda, envase con 20 cápsulas. - 20 cápsulas"
210,"Nifedipino de 30 mg, comprimido de liberación prolongada, envase con 30 comprimidos. - 30 comprimidos"
211,"Sulfato ferroso heptahidratado de 125 mg / ml, equivalente a 25 mg/ml de hierro elemental, solución, envase gotero con 15 ml. - envase gotero con 15 ml"
212,"Amoxicilina trihidratada de 500 mg, cápsula, envase con 12 cápsulas. - 12 cápsulas"
213,"Amoxicilina trihidratada de 500 mg, cápsula, envase con 15 cápsulas. - 15 cápsulas"
214,"Amoxicilina trihidratada de 75 g / 75 ml, suspensión oral, envase con polvo para 75 ml (500 mg/5 ml). - envase para 75 ml"
215,"Cloranfenicol de 500 mg, cápsula, envase con 20 cápsulas. - 20 cápsulas"
216,"Cloranfenicol levógiro de 5 mg/g, ungüento oftálmico, envase con 5 g. - envase con 5 g"
217,"Cloranfenicol levógiro de 5 mg/ml, solución oftálmica, envase con gotero integral con 15 ml. - gotero integral con 15 ml"
218,"Ampicilina trihidratada de 250 mg / 5 ml, suspensión oral, envase con polvo para 60 ml y dosificador. - envase para 60 ml"
219,"Ampicilina trihidratada de 500 mg, tableta o cápsula, envase con 20 tabletas o cápsulas. - 20 tabletas o cápsulas"
220,"Aluminio, hidróxido de - magnesio trisilicato de de 200 mg/447.3 mg, tableta masticable, envase con 50 tabletas masticables. - 50 tabletas"
221,"Aluminio, hidróxido de - magnesio trisilicato de de 3.7 mg/8.9 g/100 ml, suspensión oral, envase con 240 ml y dosificador. - envase con 240 ml"
222,"Captopril de 25 mg, tableta, envase con 30 tabletas. - 30 tabletas"
223,"Lisinopril de 10 mg, cápsula o tableta, envase con 30 cápsulas o tabletas. - 30 cápsulas o tabletas"
224,"Isosorbida, dinitrato de de 5 mg, tableta sublingual, envase con 20 tabletas sublinguales. - 20 tabletas sublinguales"
225,"Isosorbida, dinitrato de de 10 mg, tableta, envase con 20 tabletas. - 20 tabletas"
226,"Digoxina de 0.05 mg / ml, elíxir, envase con 60 ml con gotero calibrado de 1 ml integrado o adjunto al frasco y le sirve de tapa. - envase con 60 ml"
227,"Digoxina de 0.5 mg / 2 ml, solución inyectable, envase con 6 ampolletas de 2 ml. - 6 ampolletas de 2 ml"
228,"Digoxina de 0.25 mg, tableta, envase con 20 tabletas. - 20 tabletas"
229,"Bencilpenicilina benzatínica compuesta suspensión inyectable - benzatínica 600 000 ui, procaínica 300 000 ui, cristalina 300 000 ui - frasco ámpula y diluyente con 3 ml - envase con un frasco ámpula y diluyente con 3 ml."
230,"Benzatina bencilpenicilina de 600 000 ui, suspensión inyectable, envase con un frasco ámpula y 5 ml de diluyente. - envase con un frasco ámpula y 5 ml de diluyente."
231,"Benzatina bencilpenicilina de 1 200 000 ui, suspensión inyectable, envase con un frasco ámpula y 5 ml de diluyente. - envase con un frasco ámpula y 5 ml de diluyente."
232,"Ácido ascórbico de 100 mg, tableta, envase con 20 tabletas. - 20 tabletas"
233,"Glibenclamida de 5 mg, tableta, envase con 50 tabletas. - 50 tabletas"
234,"Espironolactona de 100 mg, tableta, envase con 30 tabletas. - 30 tabletas"
235,"Espironolactona de 25 mg, tableta, envase con 20 tabletas. - 20 tabletas"
236,"Espironolactona de 25 mg, tableta, envase con 30 tabletas. - 30 tabletas"
237,"Óxido de zinc de 25. 0 g / 100 g, pasta, envase con 30 g. - envase con 30 g"
238,"Bencilo, benzoato de de 300 mg / ml, emulsión dérmica, envase con 120 ml. - envase con 120 ml"
239,"Amoxicilina trihidratada - ácido clavulánico (clavulanato de potasio) de 500 mg/125 mg, tableta, envase con 12 tabletas. - 12 tabletas"
240,"Amoxicilina trihidratada - ácido clavulánico (clavulanato de potasio) de 500 mg/125 mg, tableta, envase con 16 tabletas. - 16 tabletas"
241,"Amoxicilina sódica - ácido clavulánico (clavulanato de potasio) de 500 mg/100 mg, solución inyectable, envase con un frasco ámpula con 10 ml de diluyente. - envase con un fraso ámpula con 10 ml"
242,"Amoxicilina trihidratada - ácido clavulánico (clavulanato de potasio) de 1.5 g/375 mg / 60 ml, suspensión oral, envase con 60 ml, cada 5 ml con 125 mg de amoxicilina y 31.25 mg ácido clavulánico. - envase con 60 ml"
243,"Multivitaminas (polivitaminas) y minerales de vitamina a, 2500 ui, d2, 200 ui, e, 15.0 mg, c, 60 mg, tiamina, 1.05 mg, riboflavina, 1.2 mg, piridoxina, 1.05 mg, cianocobalamina, 4.5 µg, nicotinamina, 13.5 mg y hierro elemental 10 mg/5 ml, jarabe, envase con 240 ml y dosificador. - envase con 240 ml"
244,"Vitaminas (polivitaminas) y minerales de vitamina b1, b2, b6, b12, niacinamida, e, a, d3, ácido pantoténico, sulfato ferroso, cobre, magnesio, zinc, tableta, cápsula o gragea, envase con 30 tabletas, cápsulas o grageas. - 30 tabletas, cápsulas o grageas"
245,"Vitaminas a, c y d de palmitato de retinol 7000 a 9000 ui, ácido ascórbico 80 a 125 mg, colecalciferol 1400 a 1800 ui/ml., solución, envase con 15 ml. - envase con 15 ml"
246,"Pirazinamida de 500 mg, tableta, envase con 50 tabletas. - 50 tabletas"
247,"Isoniazida - rifampicina-pirazinamida - clorhidrato de etambutol de 75 mg/150 mg/400 mg/300 mg, tableta, envase con 240 tabletas. - 240 tabletas"
248,"Isoniazida y rifampicina de 400 mg/300 mg, tableta recubierta, envase con 90 tabletas recubiertas. - 90 tabletas recubiertas"
249,"Isoniazida de 100 mg, tableta, envase con 200 tabletas. - 200 tabletas"
250,"Ciprofloxacino monohidratado, clorhidrato de de 250 mg, cápsula o tableta, envase con 8 cápsulas o tabletas. - 8 cápsulas ó tabletas"
251,"Etambutol, clorhidrato de de 400 mg, tableta, envase con 50 tabletas. - 50 tabletas"
252,Hierro aminoquelado y ácido fólico tableta - hierro elemental 30 mg ácido fólico 0.500 mg - 30 tabletas - envase
253,"Salbutamol ó sulfato de salbutamol de 20 mg, suspensión en aerosol, envase con inhalador con 200 dosis de 100 µg. - envase con inhalador con 200 dosis de100 microgramo"
254,"Salbutamol ó sulfato de salbutamol de 2 mg/5 ml, jarabe, envase con 60 ml. - envase con 60 ml"
255,"Ácido acetilsalicílico de 300 mg, tableta soluble o efervescente, envase con 20 tabletas solubles o efervescentes. - 20 tabletas solubles o efervescentes"
256,"Ácido acetilsalicílico de 500 mg, tableta, envase con 20 tabletas. - 20 tabletas"
257,"Paracetamol de 100 mg / ml, solución oral, envase con 15 ml, gotero calibrado a 0.5 y 1 ml, integrado o adjunto al envase que sirve de tapa. - envase con gotero 15 ml"
258,"Paracetamol de 100 mg, supositorio, envase con 10 supositorios. - 10 supositorios"
259,"Paracetamol de 100 mg, supositorio, envase con 3 supositorios. - 3 supositorios"
260,"Paracetamol de 100 mg, supositorio, envase con 6 supositorios. - 6 supositorios"
261,"Paracetamol de 300 mg, supositorio, envase con 3 supositorios. - 3 supositorios"
262,"Paracetamol de 500 mg, tableta, envase con 10 tabletas. - 10 tabletas"
263,"Miconazol, nitrato de de 20 mg / g, crema, envase con 20 g. - envase con 20 g"
264,"Nistatina de 100 000 ui, óvulo o tableta vaginal, envase con 12 óvulos o tabletas. - 12 óvulos o tabletas vaginales"
265,"Nistatina de 2 400 000 ui / 24 ml, suspensión oral, envase para 24 ml. - envase para 24 ml"
266,"Nistatina suspension oral 100,000 ui/ml. - envase"
267,"Dapsona de 100 mg, tableta, envase con 1,000 tabletas. - 1000 tabletas"
268,"Ranitidina, clorhidrato de de 150 mg, gragea o tableta, envase con 20 grageas o tabletas. - 20 grageas o tabletas"
269,"Ranitidina, clorhidrato de de 150 mg/10 ml, jarabe, envase con 200 ml. - envase 200 ml"
270,"Ketoconazol de 200 mg, tableta, envase con 10 tabletas. - 10 tabletas"
271,"Albendazol de 200 mg, tableta, envase con 100 tabletas. - 100 tabletas"
272,"Albendazol de 200 mg, tableta, envase con 2 tabletas. - 2 tabletas"
273,"Albendazol de 400 mg / 20 ml, suspensión oral, envase con 20 ml. - envase con 20 ml"
274,"Cloroquina, fosfato de de 150 mg, tableta, envase con 1,000 tabletas. - 1000 tabletas"
275,"Furosemida de 20 mg/2 ml, solución inyectable, envase con 5 ampolletas con 2 ml. - 5 ampolletas con 2 ml"
276,"Furosemida de 40 mg, tableta, envase con 20 tabletas. - 20 tabletas"
277,Ciprofloxacina crema **especial**
278,Desogestrel y etinilestradiol 0.15mg/0.03mg - 21 tabletas
279,Ciprofloxacino/dexametasona solucion oftalmica
280,"Dexametasona 0,5mg - 20 tabletas"
281,Dexametasona inyectable 4mg/ml - 2ml
282,Dexametasona/tobramicina oftalmica 3mg/ml
283,Tobramicina/dexametasona uguento oftalmico
284,Dorzolamida/timolol oftalmica 20mg/5ml
285,Timolol + brimonidina + dorzolamida gotas oftalmicas **especial**
286,Fluticasona/salmeterol 250mg/50mg
287,Telmisartan 40mg - 14 tabletas
288,Telmisartan/hidroclorotiazida 80mg/12.5mg - tabletas
289,Hidrocortisona inyectable 50mg/ml - 2ml
290,Alcaftadina oftalmica **especial**
291,Trimetroprima/sulfametoxazol 160mg/800mg - 14 tabletas
292,Trimetroprima/sulfametoxazol 80mg/400mg - 20 tabletas
293,Trimetroprima/sulfametoxazol suspencion 80 mg/400 mg/100 ml
294,Metformina/glibenclamida 500mg/5mg - 60 tabletas
295,Lacosamida 100mg tabletas **especial**
296,Formula lactea etapa 3 **especial**
297,Implante anticonceptivo - 1 unidad
298,Butilhiocina 20mg/ml - 3 ampollas de 1ml
299,Butilhioscina 10mg - 10 tabletas
300,Formula enfamil sin lactosa para 6-12 meses **especial**
301,Formula lactea para nino mayor de 6 meses **especial**
302,Formula lactea para nino menor de 6 meses **especial**
303,Formula lactea para prematuro **especial**
304,Acenocumarol 4mg - 20 tabletas **especial**
305,Aciclovir 400mg - 35 tabletas
306,Acido alendronico 70mg - 4 tabletas **especial**
307,Alopurinol 300mg - 30 tabletas
308,"Aluminio, magnesio y dimeticona - 50 tabletas"
309,"Aluminio, magnesio y dimeticona - suspencion 320 ml"
310,Amiodarona 200mg - 20 tabletas **especial**
311,Amlodipino 5mg - 10 tabletas
312,Atorvastatina 40 mg
313,Atropina inyectable 1 mg/ml - 1 ampolla **especial**
314,Atropina oftalmica **especial**
315,Azatioprina 50mg **especial**
316,Beclometasona 250mcg/100g - aerosol
317,Benzonatato 100mg - 20 capsulas
318,Betametasona 0.1% - crema
319,Betametasona inyectable 4mg/ml - 2ml
320,Bicalutamida 50 mg **especial**
321,Biperideno 1 mg 6 30 tabletas
322,Biperideno 2 mg - 30 tabletas
323,Bismuto (subsalicilato) 262mg - 24 tabletas
324,Bismuto (subsalicilato) suspencion - 120ml
325,Bisoprolol 2.5mg - tabletas **especial**
326,Bromocriptina - tableta
327,"Buproenorfina inyectable 0,3mg/ml"
328,Cabergolina 0.5 mg - 2 tabletas **especial**
329,Carbetocina inyectable 100 mcg - 1 ampolla
330,Metamizol 500mg tabletas
331,Metamizol inyectable 1g - 3 ampollas
332,Celecoxib 200mg **especial**
333,Cefalexina 500mg - 12 tabletas
334,Clortalidona 50mg - 20 tabletas
335,Clindamicina - gel
336,Clindamicina 300mg - 16 capsulas
337,Clonazepam 2mg - 30 tabletas
338,Clopidogrel - tableta
339,Acido de fluocinolona crema 0.01g/100g - 30g
340,Shampoo alquitran de hulla **especial**
341,Colchicina 1mg - 30 tabletas
342,Cromoglicato - solución oftálmica
343,Ciclosporina emulsion **especial**
344,Danazol 100mg - capsulas **especial**
345,Diclofenaco 100mg - 20 tabletas
346,Diclofenaco gel 1.16% - 60g
347,Diclofenaco solucion inyectable 75mg - 1 ampolla
348,Difenhidramina - jarabe
349,Difenhidramina - solución inyectable
350,Difenhidramina 25mg - 30 capsulas
351,Enalapril 10mg 30 tabletas
352,Eritromicina suspencion 250mg/5ml 100ml
353,Estrogenos conjugados 0.625mg - 21 tabletas **especial**
354,Estrogenos conjugados crema **especial**
355,Fentanil inyectable - 1 ampolla **especial**
356,Fumarato ferroso 200mg - 50 tabletas
357,Finasterida 5mg 30 tabletas
358,Fluoxetina 20mg - 28 tabletas
359,Fluticasona 50mcg - 120 dosis
360,Acido folico 0.4mcg - 90 tabletas
361,Acido folico 5mg - 20 tabletas
362,Gabapentina 300 mg - 15 capsulas
363,Gabapentina 400 mg - 15 capsulas
364,Gynko biloba tabletas **especial**
365,Glipizida 10mg - 20 tabletas
366,Hidralazina inyectable 20mg/ml - 5 ampollas
367,Hidrocortisona/lidocaina (supositorios o pasta)
368,Hidroxicloroquina 200mg tabletas **especial**
369,Hidroxizina 10mg tabletas
370,Insulina glargina - 1 pluma
371,Insulina mixta - 1 pluma
372,Insulina rapida (lispro o aspart) - 1 pluma
373,Insulna glargina - 1 recarga
374,Ipratropio aerosol 20mcg - 200 dosis
375,Salbutamol/bromuro de ipratropio solucion para nebulizar
376,Complejo b (sin hierro)
377,Itraconazol 100mg 15 capsulas
378,Ivermectina 6mg 2 tabletas
379,Ketorolaco 30mg - 6 tabletas sublingual
380,Ketorolaco inyectable 30mg/ml - 3 ampollas
381,Lactulosa 10g/15ml - 125ml
382,Lamotrigina 100mg - 28 tabletas
383,"Latanoprost solucion 0.05mg/ml 2,5ml"
384,Levetiracetam suspencion [keppra] **especial**
385,Levetiracetam tabletas 500mg **especial**
386,Levofloxacino 500mg - 7 tabletas
387,Levotiroxina tabletas 100mcg - 100 tabletas **especial**
388,Levotiroxina tabletas 125mcg - 100 tabletas **especial**
389,Loperamida - tableta
390,Loratadina 10mg - 10 tabletas
391,Loratadina sol. pediátrica
392,Lorazepam 1mg - 40 tabletas
393,Losartan 100mg - 15 tabletas
394,Sulfato de magnesio inyectable 10% - 1 ampolla **especial**
395,Valproato de magnesio 200mg - 40 tabletas
396,Valproato de magnesio suspension 200mg/ml
397,Mesalazina 500mg tabletas **especial**
398,Mesalazina supositorios 250mg **especial**
399,Mesalazina supositorios 500mg **especial**
400,Metformina 850mg - 30 tabletas
401,Tiamazol 5mg - 20 tabletas **especial**
402,Metotrexato 2.5mg - 50 tabletas **especial**
403,Metilfenidato 10mg 30 tabletas
404,Metilprednisolona inyectable 500mg **especial**
405,Metoclopramida - tableta
406,Metoclopramida inyectable 10mg/2ml - 2ml
407,Metoclopramida suspencion 400mg - 20 ml
408,Metoprolol 100 mg - 50 tabletas
409,Misoprostol 200 mcg - 28 tabletas
410,Mometasona intranasal
411,Montelukast 10mg - 20 tabletas
412,Montelukast 4mg - tabletas masticables
413,Morfina 30mg - 100 pastillas **especial**
414,Mupirocina crema 2%
415,Acido micofenolico 500 mg - tabletas **especial**
416,Naltrexone 50mg - 30 tabletas
417,Nebivolol 5mg tabletas **especial**
418,Neomicina/lidocaína otica - 20 ml
419,Nimesulida jarabe **especial**
420,Nimesulida tabletas
421,Nitazoxanida 500mg - 2 tabletas
422,Nitazoxanida suspencion 100mg/5ml - 30ml
423,Nitazoxanida suspencion 100mg/5ml - 60ml
424,Nitrofurantoina 100mg - 40 capsulas
425,Nitroglicerina 5mg tabletas sublinguas **especial**
426,"Cloruro de sodio inyectable 1,7g/10ml"
427,Olanzapina 10mg - 14 tabletas
428,Olopatadina oftalmica **especial**
429,Oxcarbazepina 600mg - 20 tabletas **especial**
430,Oxitocina inyectable - 1 ampolla
431,Paroxetina 20mg - 20 tabletas **especial**
432,Perindopril 4mg - 14 tabletas **especial**
433,Permetrina shampoo 1 % (shampoo para piojos)
434,Vaselina - 60g
435,Fenazopiridina 100mg 20 tabletas
436,"Fitomenadiona inyectable 2mg/0,2ml"
437,Fenitoina 100mg 50 tabletas
438,Fenitoina suspencion 0.750g/100ml 150 ml
439,Alcohol polivinilico oftalmico - 10ml
440,Pravastatina - tableta
441,Prednisona 50mg 20 tabletas
442,Prednisona 5mg 20 tabletas
443,Medroxyprogesterona inyectable 150mg - 1 ampolla
444,Prometazina **especial**
445,Propafenona tabletas **especial**
446,Propranolol 40mg - 30 tabletas
447,Plántago psyllium - 400g
448,Shampoo vin.quassia para piojos
449,Quetiapina 100mg - 100 tabletas
450,Quetiapina 300mg - 60 tabletas
451,Rifaximina 200mg tabletas **especial**
452,Risperidona 1mg 20 tabletas
453,Risperidona 2mg 40 tabletas
454,Senosidos a-b 8.6mg - 60 tabletas
455,Sertralina 50 mg - 14 tabletas
456,Sildenafil tabletas **especial**
457,Simvastatina 10mg - tabletas
458,Sulfazalacina 500mg tabletas **especial**
459,Sumatriptán 100 mg tabletas
460,Tacrolimus 1% crema **especial**
461,Tamsulosina 0.4mg - 20 capsulas
462,Terazosina 2mg 20 tabletas
463,Tetraciclina - tableta
464,Tolteridone tabletas **especial**
465,Topiramato 100mg - 20 tabletas
466,Topiramato 25mg - 20 tabletas
467,Tramadol - capsulas
468,Tramadol inyectable 50mg/ml 5 ampollas de 2ml
469,Venlafaxina 75mg - 20 tabletas
470,Clorfenamina - tableta
471,Clorfenamina jarabe 0.5mg/ml - 120ml
472,Paracetamol/fenilefrina/clorfenamina 325 mg/5 mg/2 mg - tabletas
473,Amitriptilina
474,Gentamicina inyectable 80mg/ml - 2ml
475,Hidroclorotiazida 25mg - 20 tabletas
476,Omeprazol 20mg - 7 tabletas
477,Levonorgestrel 1.5mg - 1 tableta
478,Metronidazol 500mg - 30 tabletas
479,Metronidazol adulto suspension 5.0g - 120ml
480,Metronidazol crema
481,Metronidazol pediatrico suspension 2.5g - 120ml
482,Fenobarbital 100mg 40 tabletas **especial**
483,Claritromicina 500mg - 10 tabletas
484,Diazepam - tableta
485,Diazepam inyectable 10mg 1 ampolla
486,Nifedipino 10 mg tabletas
487,Nifedipino lp 30mg - 30 tabletas
488,Metildopa 250 mg - 30 tabletas **especial**
489,Amoxicilina 500 mg - 12 tabletas
490,Amoxicilina suspension 500mg/5ml - 75ml
491,Cloranfenicol oftalmica 5mg/ml - 5ml
492,Ampicilina inyectable 1g - 1 ampolla
493,Ampicilina inyectable 500mg - 1 ampolla
494,Carvedilol 25mg - 14 tabletas **especial**
495,L-ornitina + l-aspartato 3g - granulados [hepa merz] **especial**
496,Isosorbida (dinitrato) 10mg - 20 tabletas
497,Isosorbida (dinitrato) 5mg - 20 tabletas
498,Digoxina 0.25mg - 20 tabletas **especial**
499,Electrolitos orales - 1 sobre
500,Gel de glucosa oral
501,Bencilpenicilina benzatilica benzatinica compuesta inyectable - 1200000ui
502,Bencilpenicilina procainica y cristalina inyectable 400 000 ui - 2ml
503,Gluconato de calcio inyectable 10% - 1 ampolla
504,Glibenclamida 5mg - 50 tabletas
505,Haloperidol 5mg - 20 tabletas **especial**
506,Haloperidol decanoate inyectable 50mg/ml **especial**
507,Haloperidol inyectable 5mg/ml
508,Carbidopa/levodopa 50/250mg - 100 capsulas **especial**
509,Espironolactona 25mg - 30 tabletas
510,Calcio y vitamina a y d2 - 60 tabletas
511,Despensa para embarazada
512,Óxido de zinc pasta 25g/100g - 30g
513,Zinc 0.38 g capsulas
514,Benzoato de bencilo solucion corporal
515,Amoxicilina / acido clavulánico - 400mg/57mg/5ml
516,Amoxicilina/acido clavulanico 875mg/125mg - 10 tabletas
517,Vitaminas angels
518,Ceftriaxona - solución inyectable
519,Ceftriaxona solucion inyectable 1g - 1 ampolla
520,Diu de cobre
521,Azitromicina 200mg/5ml - suspencion 30 ml
522,Azitromicina 500 mg - 3 tabletas
523,Ciprofloxacino 500mg - 14 tabletas
524,Ciprofloxacina solucion otica - 10ml
525,Ciprofloxacina/hidro/lid solucion otica - 10ml
526,Ciprofloxacino solucion oftalmica - 5ml
527,Fluconazol 150mg - 1 capsula
528,Prednisolona oftalmica **especial**
529,Hidroxicarbamida 500mg capsulas [hydrea] **especial**
530,Ondansetron tabletas **especial**
531,Tamoxifeno 20 mg - 14 tabletas **especial**
532,Salbutamol aerosol 100mcg - 200 dosis
533,Acido acetilsalicilico 100mg - 30 tabletas
534,Acido acetilsalicilico 300mg - 20 tabletas eff
535,Acido acetilsalicilico 500mg - tabletas
536,Citrato de potacio + citrato acido [uroclasio] - 150ml **especial**
537,Paracetamol 300mg - 12 supositorios
538,Paracetamol 500mg - 10 tabletas
539,Paracetamol jarabe 3.2g/100 ml - 120 ml
540,Paracetamol solucion 100mg/ml - 20ml
541,Paracetamol/cafeína 500mg/50mg - tabletas
542,Paracetamol/metocarbamol 350mg/400mg - tabletas
543,Ibuprofeno 800mg - 12 tabletas
544,Ibuprofeno solucion pediatrica
545,Nistatina 100 000 iu - 12 ovulos
546,Nistatina suspension 100 000ui/ml - 24 ml
547,Carbamazepina 200mg - 20 tabletas
548,Carbamazepina suspension 2g/100 ml - 100 o 120ml
549,Oxcarbamazepina 60mg/ml - 100ml **especial**
550,Dicloxacilina 500mg tabletas
551,Dicloxacilina suspencion 50mg/ml 60ml
552,Ranitidina 150mg 20 tabletas
553,Ketoconazol 2% - 100g
554,Ketoconazol 2% - 30g
555,Ketoconazol shampoo
556,Sulfadiazina de plata crema 1g
557,Albendazol 200mg - 6 tabletas
558,Albendazol suspencion 20mg/ml - 20 ml
559,Doxiciclina 100mg - 10 capsulas
560,Clotrimazol - 12 ovulos
561,Furosemida 40mg - 20 tabletas
562,Acido retinoico 0.05g - 30g
563,Algestona/estradiol inyectable 150mg/10mg/ml - 1ml
564,Bloqueador solar
565,Despensa nutrihuate **especial**
566,Diu de hormona (mirena)
567,Formula magistral **especial** (precisar cual en comentario)
568,Kit para bebe (ropa)
569,Meclizina/piridoxina 25mg/50mg - 12 tabletas
570,Pruebas de tipificacion sanguinea
571,Psoriaderm **especial**
