060.016.0204,ACEITE LUBRICANTE  PARA PIEZA DE MANO DE BAJA VELOCIDAD,ENVASE C/240 ML.,CIEL:162138,lubricant jelly,,
600160154,ACEITE MINERAL PARA USO EXTERNO,FRASCO CON 250 ML,CIEL:79912,"mineral oil, light",,
010.000.0624.00,"ACENOCUMAROL DE 4 MG, TABLETA, ENVASE CON 20 TABLETAS.",20 TABLETAS,CIEL:70105,acenocoumarol,96,
010.000.0624.01,"ACENOCUMAROL DE 4 MG, TABLETA, ENVASE CON 30 TABLETAS.",30 TABLETAS,CIEL:70105,acenocoumarol,96,
010.000.0103.00,"ÁCIDO ACETILSALICÍLICO DE 300 MG, TABLETA  SOLUBLE  O EFERVESCENTE, ENVASE CON 20 TABLETAS SOLUBLES  O EFERVESCENTES.",20 TABLETAS SOLUBLES  O EFERVESCENTES,PIH:88,acetylsalicylic acid,81,
010.000.0101.00,"ÁCIDO ACETILSALICÍLICO DE 500 MG, TABLETA, ENVASE CON 20 TABLETAS.",20 TABLETAS,PIH:88,acetylsalicylic acid,81,
010.000.2707.00,"ÁCIDO ASCÓRBICO  DE 100 MG, TABLETA, ENVASE CON 20 TABLETAS.",20 TABLETAS,PIH:4041,,,
010.000.1711.00,"ÁCIDO FÓLICO DE 0.4 MG, TABLETA, ENVASE CON 90 TABLETAS.",90 TABLETAS,CIEL:76613,folic acid,80,
010.000.1700.00,"ÁCIDO FÓLICO DE 4 MG, TABLETA, ENVASE CON 90 TABLETAS.",90 TABLETAS,CIEL:76613,folic acid,80,
010.000.1706.00,"ÁCIDO FÓLICO DE 5 MG, TABLETA, ENVASE CON 20 TABLETAS.",20 TABLETAS,CIEL:76613,folic acid,80,
010.000.1706.01,"ÁCIDO FÓLICO DE 5 MG, TABLETA, ENVASE CON 92 TABLETAS.",92 TABLETAS,CIEL:76613,folic acid,80,
010.000.2620.00,"ÁCIDO VALPROICO  DE 250 MG, CÁPSULA, ENVASE CON 60 CÁPSULAS.",60 CÁPSULAS,CIEL:86052,valproic acid,89,
010.000.5132.00,ALANTOÍNA  ALQUITRÁN  DE HULLA Y CLIOQUINOL  CREMA 0.2 G/100 G/ 5 G/100 G Y 3 G/100 G,ENVASE CON 60 G.,CIEL:103349,allantoin / coal tar,,
010.000.0831.00,"ALANTOÍNA  Y ALQUITRÁN  DE HULLA DE 20.0 MG / 9.4 MG / ML, SUSPENSIÓN DÉRMICA, ENVASE CON 120 ML.",ENVASE CON 120 ML,CIEL:103349,,,
010.000.1347.00,"ALBENDAZOL  DE 200 MG, TABLETA, ENVASE CON 100 TABLETAS.",100 TABLETAS,PIH:941,albendazole,95,
010.000.1344.00,"ALBENDAZOL  DE 200 MG, TABLETA, ENVASE CON 2 TABLETAS.",2 TABLETAS,PIH:941,albendazole,95,
010.000.1345.00,"ALBENDAZOL  DE 400 MG / 20 ML, SUSPENSIÓN  ORAL, ENVASE CON 20 ML.",ENVASE CON 20 ML,PIH:941,albendazole,95,
010.000.2172.00,"ALCOHOL  POLIVINÍLICO  DE 14 MG/ML,  SOLUCIÓN  OFTÁLMICA,  ENVASE  CON GOTERO INTEGRAL CON 15 ML.",GOTERO INTEGRAL CON 15 ML,CIEL:82315,polyvinyl alcohol,83,
060.066.0773,ALCOHOL DESNATURALIZADO,ENVASE CON 20 L.,CIEL:70468,alcohols,93,
060.066.0039,ALCOHOL DESNATURALIZADO. ENVASE CON 1 LITRO,ENVASE CON 1 L.,CIEL:70468,alcohols,93,
010.000.2503.00,"ALOPURINOL  DE 100 MG, TABLETA, ENVASE CON 20 TABLETAS.",20 TABLETAS,CIEL:70878,allopurinol,95,
010.000.2503.01,"ALOPURINOL  DE 100 MG, TABLETA, ENVASE CON 50 TABLETAS.",50 TABLETAS,CIEL:70878,allopurinol,95,
010.000.3451.00,"ALOPURINOL  DE 300 MG, TABLETA, ENVASE CON 20 TABLETAS.",20 TABLETAS,CIEL:70878,allopurinol,95,
010.000.1223.00,"ALUMINIO,  HIDRÓXIDO  DE - MAGNESIO  TRISILICATO  DE DE 200 MG/447.3  MG, TABLETA MASTICABLE,  ENVASE CON 50 TABLETAS MASTICABLES.",50 TABLETAS,PIH:314,,,
010.000.1224.00,"ALUMINIO,  HIDRÓXIDO  DE - MAGNESIO  TRISILICATO  DE DE 3.7 MG/8.9  G/100 ML, SUSPENSIÓN  ORAL, ENVASE CON 240 ML Y DOSIFICADOR.",ENVASE CON 240 ML,PIH:314,,,
010.000.2462.00,"AMBROXOL,   CLORHIDRATO  DE  DE  30  MG,  COMPRIMIDO, ENVASE  CON  20 COMPRIMIDOS.",20 COMPRIMIDOS,CIEL:71028,ambroxol,100,
010.000.2463.00,"AMBROXOL,  CLORHIDRATO DE DE 300 MG/100  ML, SOLUCIÓN,  ENVASE  CON 120 ML Y DOSIFICADOR.",ENVASE CON 120 ML,CIEL:71028,ambroxol,100,
010.000.0426.00,"AMINOFILINA   DE  250  MG/10  ML,  SOLUCIÓN   INYECTABLE,   ENVASE   CON  5 AMPOLLETAS DE 10 ML.",5 AMPOLLETAS DE 10 ML,CIEL:71101,,,
010.000.2111.00,AMLODIPINO  TABLETAS O CAPSULAS  5 MG.,ENVASE CON 10 Ó 30 CAPSULAS  O TABLETAS,CIEL:71138,amlodipine besylate,,
010.000.2111.00,"AMLODIPINO,  BESILATO  DE DE 5 MG, TABLETA  O CÁPSULA,  ENVASE  CON 10 TABLETAS O CÁPSULAS.",10 TABLETAS O CÁPSULAS.,CIEL:71138,amlodipine besylate,81,
010.000.2128.00,"AMOXICILINA    TRIHIDRATADA   DE   500   MG,   CÁPSULA,    ENVASE    CON   12 CÁPSULAS.",12 CÁPSULAS,PIH:265,amoxicillin,82,
010.000.2128.01,"AMOXICILINA    TRIHIDRATADA   DE   500   MG,   CÁPSULA,    ENVASE    CON   15 CÁPSULAS.",15 CÁPSULAS,PIH:265,amoxicillin,82,
010.000.2230.00,"AMOXICILINA    TRIHIDRATADA  -   ÁCIDO   CLAVULÁNICO  (CLAVULANATO  DE POTASIO) DE 500 MG/125 MG, TABLETA, ENVASE CON 12 TABLETAS.",12 TABLETAS,PIH:450,amoxicillin,82,
010.000.2230.01,"AMOXICILINA    TRIHIDRATADA  -   ÁCIDO   CLAVULÁNICO  (CLAVULANATO  DE POTASIO) DE 500 MG/125 MG, TABLETA, ENVASE CON 16 TABLETAS.",16 TABLETAS,PIH:450,amoxicillin,82,
010.000.2130.00,"AMOXICILINA  SÓDICA - ÁCIDO CLAVULÁNICO (CLAVULANATO DE POTASIO) DE 500 MG/100  MG, SOLUCIÓN  INYECTABLE,  ENVASE  CON UN FRASCO  ÁMPULA CON 10 ML DE DILUYENTE.",ENVASE CON UN FRASO ÁMPULA CON 10 ML,PIH:450,amoxicillin,82,
010.000.2129.00,"AMOXICILINA  TRIHIDRATADA - ÁCIDO CLAVULÁNICO (CLAVULANATO DE POTASIO)  DE 1.5 G/375 MG / 60 ML, SUSPENSIÓN  ORAL, ENVASE  CON 60 ML, CADA 5 ML CON 125 MG DE AMOXICILINA  Y 31.25 MG ÁCIDO CLAVULÁNICO.",ENVASE CON 60 ML,PIH:450,amoxicillin,82,
010.000.2127.00,"AMOXICILINA  TRIHIDRATADA DE 75 G / 75 ML, SUSPENSIÓN  ORAL,  ENVASE CON POLVO PARA 75 ML (500 MG/5 ML).",ENVASE PARA 75 ML,PIH:265,amoxicillin,82,
010.000.1930.00,"AMPICILINA  TRIHIDRATADA DE 250 MG / 5 ML, SUSPENSIÓN  ORAL,  ENVASE CON POLVO PARA 60 ML Y DOSIFICADOR.",ENVASE PARA 60 ML,PIH:269,ampicillin,81,
010.000.1929.00,"AMPICILINA  TRIHIDRATADA DE 500 MG, TABLETA  O CÁPSULA,  ENVASE  CON 20 TABLETAS O CÁPSULAS.",20 TABLETAS O CÁPSULAS,PIH:269,ampicillin,81,
010.000.0477.00,"BECLOMETASONA, DIPROPIONATO DE  10  MG,  SUSPENSIÓN   EN  AEROSOL, ENVASE CON INHALADOR  CON 200 DOSIS DE 50 µG.",ENVASE CON INHALADOR  CON 200 DOSIS DE50 MICROGRAMO,PIH:1240,beclomethasone,89,
010.000.2508.00,"BECLOMETASONA, DIPROPIONATO DE DE 50 MG, SUSPENSIÓN  EN AEROSOL, ENVASE CON INHALADOR  CON 200 DOSIS DE 250 µG.",INHALADOR  CON 200 DOSIS DE  250 MICROGRAMO,PIH:1240,beclomethasone,89,
010.000.0861.00,"BENCILO,  BENZOATO  DE DE 300 MG / ML, EMULSIÓN  DÉRMICA,  ENVASE CON 120 ML.",ENVASE CON 120 ML,PIH:409,benzylbenzoate,,
010.000.1938.00,"BENCILPENICILINA BENZATÍNICA  COMPUESTA  SUSPENSIÓN  INYECTABLE  - BENZATÍNICA  600  000  UI, PROCAÍNICA  300  000  UI, CRISTALINA  300  000  UI - FRASCO ÁMPULA Y DILUYENTE  CON 3 ML",ENVASE CON UN FRASCO ÁMPULA Y DILUYENTE  CON 3 ML.,PIH:4034,benzylpenicillin,,
010.000.0071.00,"BENZATINA   BENCILPENICILINA  DE  600  000  UI,  SUSPENSIÓN   INYECTABLE, ENVASE CON UN FRASCO ÁMPULA Y 5 ML DE DILUYENTE.",ENVASE CON UN FRASCO ÁMPULA Y 5 ML DE DILUYENTE.,PIH:4034,benzylpenicillin,,
010.000.1925.00,"BENZATINA  BENCILPENICILINA DE  1 200  000  UI,  SUSPENSIÓN  INYECTABLE, ENVASE CON UN FRASCO ÁMPULA Y 5 ML DE DILUYENTE.",ENVASE CON UN FRASCO ÁMPULA Y 5 ML DE DILUYENTE.,PIH:4034,,,
010.000.0822.00,"BENZOILO,  PERÓXIDO  DE DE 5 G / 100 ML, LOCIÓN DÉRMICA, ENVASE CON 30 ML.",ENVASE CON 30 ML,CIEL:72063,,,
010.000.0822.01,"BENZOILO,  PERÓXIDO  DE DE 5 G / 100 ML, LOCIÓN DÉRMICA, ENVASE CON 50 ML.",ENVASE CON 50 ML,CIEL:72063,,,
010.000.0822.02,"BENZOILO,  PERÓXIDO DE DE 5 G / 100 G, GEL DÉRMICO, ENVASE CON 60 G.",ENVASE CON 60 ML,CIEL:72063,,,
010.000.2433.00,BENZONATATO PERLA CADA PERLA CONTIENE BENZONATATO 100 MG,ENVASE CON 20 PERLAS,CIEL:72053,benzonatate,,
010.000.1263.00,"BISMUTO,    SUBSALICILATO   DE   DE   1.750   G/100ML,    SUSPENSIÓN    ORAL, ENVASE CON 240 ML.",ENVASE CON 240 ML,CIEL:72241,BISMUTH SUBSALICYLATE,-,
010.000.1096.00,"BROMOCRIPTINA,   MESILATO    DE   (GT5)   DE   CADA   TABLETA    CONTIENE: MESILATO  DE BROMOCRIPTINA EQUIVALENTE A 2.5 MG DE BROMOCRIPTINA., TABLETA, ENVASE CON 14 TABLETAS.",14 TABLETAS,CIEL:72411,bromocriptine,92,
010.000.0113.00,"BUTILHIOSCINA - METAMIZOL  GRAGEA 10 MG/ 250 MG,",ENVASE CON 36 GRAGEAS,CIEL:431,Hyoscine butylbromide,,
010.000.2146.00,BUTILHIOSCINA - METAMIZOL  SOLUCIÓN INYECTABLE  20 MG/2.5 G/5 ML,ENVASE CON 5 AMPOLLETAS DE 5 ML.,CIEL:431,Hyoscine butylbromide,,
010.000.2146.00,"BUTILHIOSCINA (N BUTILBROMURO DE HIOSCINA)  - METAMIZOL)  DE 20 MG / 2.5 G / 5 ML, SOLUCIÓN INYECTABLE,  ENVASE CON 5 AMPOLLETAS DE 5 ML.",5 AMPOLLETAS CON 5 ML,CIEL:431,Hyoscine butylbromide,,
010.000.1206.00,"BUTILHIOSCINA, BROMURO  DE  O BUTILBROMURO DE  HIOSCINA  DE  10  MG, GRAGEA O TABLETA, ENVASE CON 10 GRAGEA O TABLETAS.",10 GRAGEAS O TABLETAS,CIEL:431,Hyoscine butylbromide,,
010.000.1207.00,"BUTILHIOSCINA, BROMURO  DE  Ó BUTILBROMURO DE  HIOSCINA  DE  20  MG, SOLUCIÓN INYECTABLE,  ENVASE CON 3 AMPOLLETAS DE 1 ML.",3 AMPOLLETAS CON 1.0 ML,CIEL:431,Hyoscine butylbromide,,
1006,CALCIO COMPRIMIDO EFERVESCENTE CADA COMPRIMIDO CONTIENE: LACTATO GLUCONATO DE CALCIO 2.94 G CARBONATO DE CALCIO 300 MG EQUIVALENTE A 500 MG DE CALCIO IONIZABLE. ,12 comprimidos,CIEL:72660,CALCIUM CARBONATE,,
010.000.0574.00,"CAPTOPRIL  DE 25 MG, TABLETA, ENVASE CON 30 TABLETAS.",30 TABLETAS,PIH:3182,captopril,100,
010.000.1939.00,"CEFALEXINA  MONOHIDRATADA DE  500  MG,  TABLETA  O CÁPSULA,  ENVASE CON 20 TABLETAS O CÁPSULAS.",ENVASE CON 20 TABLETAS O CÁPSULAS.,CIEL:73087,cefalexin,90,
010.000.2248.00,CINITAPRIDA  GRANULADO  1 MG 30 SOBRES,ENVASE,CIEL:73429,cinitapride,,
010.000.2247.00,"CINITAPRIDA,   BITARTRATO   DE  DE  1  MG,  COMPRIMIDO,  ENVASE   CON  25 COMPRIMIDOS.",25 COMPRIMIDOS,CIEL:73429,cinitapride,91,
010.000.2248.00,"CINITAPRIDA,   BITARTRATO   DE  DE  1  MG,  GRANULADO,   ENVASE   CON  30 SOBRES.",30 SOBRES,CIEL:73429,cinitapride,91,
010.000.2249.00,"CINITAPRIDA,  BITARTRATO  DE DE 20 MG/100  ML, SOLUCIÓN  ORAL,  ENVASE CON 120 ML (1 MG/5 ML) Y CUCHARITA  DOSIFICADORA.",ENVASE CON 120 ML Y CUCHARITA DOSIFICADORA,CIEL:73429,cinitapride,91,
010.000.4255.00,"CIPROFLOXACINO   MONOHIDRATADO,   CLORHIDRATO   DE    DE    250    MG, CÁPSULA O TABLETA, ENVASE CON 8 CÁPSULAS  O TABLETAS.",8 CÁPSULAS  Ó TABLETAS,PIH:740,ciprofloxacin,90,
010.000.1208.00,CISAPRIDA  SUSPENSIÓN  CADA 100 ML CONTIENEN:  CISAPRIDA  100 MG,ENVASE CON 60 ML Y DOSIFICADOR DE 5 ML,CIEL:73453,cisapride,,
010.000.2147.00,CISAPRIDA  TABLETA 10 MG,CAJA CON 30 TABLETAS,CIEL:73453,cisapride,,
010.000.1209.00,CISAPRIDA  TABLETA CADA TABLETA CONTIENE:  CISAPRIDA  5 MG .,ENVASE CON 30 TABLETAS.,CIEL:73453,cisapride,,
010.000.5487.00,"CITALOPRAM,  BROMHIDRATO  DE  DE  20  MG,  TABLETA,   ENVASE   CON  14 TABLETAS.",14 TABLETAS,CIEL:73461,citalopram,100,
010.000.5487.01,"CITALOPRAM,  BROMHIDRATO  DE  DE  20  MG,  TABLETA,   ENVASE   CON  28 TABLETAS.",28 TABLETAS,CIEL:73461,citalopram,100,
010.000.2132.00,"CLARITROMICINA DE 250 MG, TABLETA, ENVASE CON 10 TABLETAS.",10 TABLETAS,PIH:2459,clarithromycin,86,
010.000.2133.00,"CLINDAMICINA, CLORHIDRATO DE  DE  300  MG,  CÁPSULA,  ENVASE  CON  16 CÁPSULAS.",16 CÁPSULAS,CIEL:73546,clindamycin,87,
010.000.0872.00,"CLIOQUINOL  DE 30 MG / G, CREMA, ENVASE CON 20 G.",ENVASE CON 20 G,CIEL:73560,clioquinol,100,
010.000.1991.00,"CLORANFENICOL DE 500 MG, CÁPSULA, ENVASE CON 20 CÁPSULAS.",20 CÁPSULAS,PIH:266,,,
010.000.2822.00,"CLORANFENICOL LEVÓGIRO  DE  5  MG/G,  UNGÜENTO   OFTÁLMICO,   ENVASE CON 5 G.",ENVASE CON 5 G,PIH:266,,,
010.000.2821.00,"CLORANFENICOL LEVÓGIRO  DE  5  MG/ML,  SOLUCIÓN  OFTÁLMICA,   ENVASE CON GOTERO INTEGRAL CON 15 ML.",GOTERO INTEGRAL CON 15 ML,PIH:266,,,
010.000.0402.00,"CLORFENAMINA,  MALEATO   DE   DE   4.0   MG,   TABLETA,   ENVASE   CON   20 TABLETAS.",20 TABLETAS,CIEL:913,chlorphenamine,77,
010.000.2142.00,"CLORFENAMINA,  MALEATO   DE  DE  10  MG  /  ML,  SOLUCIÓN   INYECTABLE, ENVASE CON 5 AMPOLLETAS CON 1 ML.",5 AMPOLLETAS,CIEL:913,chlorphenamine,77,
010.000.0408.00,"CLORFENAMINA, MALEATO DE DE 0.5 MG/ML, JARABE, ENVASE CON 60 ML.",ENVASE CON 60 ML,CIEL:913,chlorphenamine,77,
010.000.2030.00,"CLOROQUINA,  FOSFATO   DE   DE   150   MG,   TABLETA,   ENVASE   CON   1,000 TABLETAS.",1000 TABLETAS,PIH:98,chloroquine phosphate,81,
010.000.0561.00,"CLORTALIDONA (GT3) DE 50 MG, TABLETA, ENVASE CON 20 TABLETAS.",ENVASE CON 20 TABLETAS.,CIEL:73338,chlorthalidone,85,
010.000.3409.00,"COLCHICINA  DE 1 MG, TABLETA, ENVASE CON 30 TABLETAS.",30 TABLETAS,CIEL:73702,colchicine,90,
010.000.2714.00,"COMPLEJO   B  DE  TIAMINA,   MONONITRATO  DE,  100MG,  PIRIDOXINA   5  MG, CIANOCOBALAMINA 50 µG, TABLETA, COMPRIMIDO  O CÁPSULA,  ENVASE CON 30 TABLETAS,  COMPRIMIDOS O CÁPSULAS.","30 TABLETAS, COMPRIMIDOS O CÁPSULAS",CIEL:84995,thiamine,-,
060.308.0177,CONDÓN MASCULINO   DE HULE LÁTEX. ENVASE CON 100 PIEZAS.,ENVASE CON 100 PIEZAS,CIEL:190,condoms,,
010.000.0464.00,"CROMOGLICATO DE SODIO  DE 560/ 5 MG, SUSPENSIÓN  AEROSOL,  ENVASE CON ESPACIADOR  PARA 112 DOSIS DE 5 MG.",ENVASE CON 16 G PARA 112 INHALACIONES,CIEL:74044,cromoglycate,83,
010.000.0906.00,"DAPSONA DE 100 MG, TABLETA, ENVASE CON 1,000 TABLETAS.",1000 TABLETAS,PIH:92,dapsone,86,
010.000.3505.00,"DESOGESTREL Y ETINILESTRADIOL DE 0.15 MG/0.03  MG,  TABLETA,  ENVASE CON 21 TABLETAS.",21 TABLETAS,CIEL:104421,,,
010.000.3508.00,"DESOGESTREL Y ETINILESTRADIOL DE 0.15 MG/0.03  MG,  TABLETA,  ENVASE CON 28 TABLETAS (21 CON HORMONALES Y 7 SIN HORMONALES).",28 TABLETAS (21 CON HORMONALES Y 7 SIN HORMONALES),CIEL:104421,,,
010.000.2431.00,DEXTROMETORFANO JARABE 300 MG.,ENVASE CON 60 ML Y DOSIFICADOR,CIEL:74666,dextromethorphan,84,
010.000.5501.00,"DICLOFENACO  SÓDICO  DE  75  MG/3  ML,  SOLUCIÓN   INYECTABLE,   ENVASE CON 2 AMPOLLETAS CON 3 ML.",2 AMPOLLETAS CON 3 ML,CIEL:74782,diclofenac sodium,82,
010.000.3417.00,"DICLOFENACO SÓDICO  DE  100  MG,  CÁPSULA  O  GRAGEA  DE  LIBERACIÓN PROLONGADA, ENVASE CON 20 CÁPSULAS  O GRAGEAS.",20 CÁPSULAS  O GRAGEAS,CIEL:74782,diclofenac sodium,82,
010.000.1927.00,"DICLOXACILINA SÓDICA  DE 250 MG / 5 ML, SUSPENSIÓN  ORAL, ENVASE CON POLVO PARA 60 ML Y DOSIFICADOR.",ENVASE PARA 60 ML,CIEL:74794,DICLOXACILLIN SODIUM,,
010.000.1926.00,"DICLOXACILINA SÓDICA  DE 500 MG, CÁPSULA  O COMPRIMIDO, ENVASE  CON 20 CÁPSULAS  O COMPRIMIDOS.",20 CÁPSULAS  O COMPRIMIDOS,CIEL:74794,DICLOXACILLIN SODIUM,,
SIN CLAVE,DIFENHIDRAMINA JARABE 12.5MG/ML,ENVASE,CIEL:75015,diphenhydramine,,
010.000.0406.00,"DIFENHIDRAMINA,   CLORHIDRATO   DE   DE   100   MG   /   10   ML,   SOLUCIÓN INYECTABLE,  ENVASE CON FRASCO ÁMPULA DE 10 ML.",FRASCO ÁMPULA CON 10 ML.,CIEL:75015,diphenhydramine,76,
010.000.0405.00,"DIFENHIDRAMINA, CLORHIDRATO DE  DE  250  MG/100  ML,  JARABE,  ENVASE CON 60 ML.",ENVASE CON 60 ML,CIEL:75015,diphenhydramine,76,
010.000.3111.00,"DIFENIDOL,    CLORHIDRATO  DE   DE   25   MG,   TABLETA,   ENVASE   CON   30 TABLETAS.",30 TABLETAS,CIEL:75020,diphenidol,84,
010.000.3112.00,"DIFENIDOL,   CLORHIDRATO  DE  DE  40  MG/  2  ML,  SOLUCIÓN   INYECTABLE, ENVASE CON 2 AMPOLLETAS CON 2 ML.",ENVASE CON 2 AMPOLLETAS CON 2 ML.,CIEL:75020,diphenidol,84,
010.000.0503.00,"DIGOXINA   DE  0.05  MG  /  ML,  ELÍXIR,   ENVASE   CON  60  ML  CON  GOTERO CALIBRADO  DE  1  ML  INTEGRADO  O ADJUNTO  AL  FRASCO  Y LE  SIRVE  DE TAPA.",ENVASE CON 60 ML,PIH:3488,digoxin,93,
010.000.0504.00,"DIGOXINA   DE  0.5   MG  /  2  ML,   SOLUCIÓN   INYECTABLE,   ENVASE   CON   6 AMPOLLETAS DE 2 ML.",6 AMPOLLETAS DE 2 ML,PIH:3488,digoxin,93,
010.000.0502.00,"DIGOXINA DE 0.25 MG, TABLETA, ENVASE CON 20 TABLETAS.",20 TABLETAS,PIH:3488,digoxin,93,
010.000.2196.00,"DIMENHIDRINATO DE 50 MG/ML,  SOLUCIÓN  INYECTABLE,  ENVASE  CON UNA AMPOLLETA  DE 1 ML.",AMPOLLETA  CON 1 ML,CIEL:74935,dimenhydrinate,86,
010.000.1941.00,"DOXICICLINA,  HICLATO  DE DE 50 MG, CÁPSULA  O TABLETA,  ENVASE  CON 28 CÁPSULAS  O TABLETAS.",28 CÁPSULAS  O TABLETAS,CIEL:75224,,,
010.000.1940.00,"DOXICICLINA,  HICLATO DE DE 100 MG, CÁPSULA O TABLETA, ENVASE CON 10 CÁPSULAS  O TABLETAS.",10 CÁPSULAS  O TABLETAS,CIEL:75224,,,
010.000.0611.00,"EPINEFRINA  DE  CADA  AMPOLLETA  CONTIENE:  EPINEFRINA  1 MG  (1:1  000), SOLUCIÓN INYECTABLE,  ENVASE CON 50 AMPOLLETAS CON 1 ML.",50 AMPOLLETAS DE 1.0 ML,CIEL:75744,epinephrine,76,
010.000.1972.00,"ERITROMICINA,  ESTEARATO   DE  DE  250  MG  /  5  ML,  SUSPENSIÓN   ORAL, ENVASE CON POLVO PARA 100 ML Y DOSIFICADOR.",ENVASE PARA 100 ML,CIEL:75842,erythromycin,75,
010.000.1971.00,"ERITROMICINA, ESTEARATO  DE DE 500 MG,  CÁPSULA  O TABLETA,  ENVASE CON 20 CÁPSULAS  O TABLETAS.",20 CÁPSULAS  O TABLETAS,CIEL:75842,erythromycin,75,
5186,ESOMEPRAZOL O PANTOPRAZOL O RABEPRAZOL U OMEPRAZOL O (AGRUPAMIENTO DE INHIBIDORES LA BOMBA DE PROTONES) TABLETA O GRAGEA O CáPSULA ESOMEPRAZOL 40 MG O PANTOPRAZOL 40 MG O RABEPRAZOL 20 MG U OMEPRAZOL 20 MG. ,"7, 14 tabletas o grageas o cápsulas",PIH:1244,omeprazole,81,
010.000.2156.00,"ESPIRONOLACTONA DE 100 MG, TABLETA, ENVASE CON 30 TABLETAS.",30 TABLETAS,PIH:4061,spironolactone,90,
010.000.2304.00,"ESPIRONOLACTONA DE 25 MG, TABLETA, ENVASE CON 20 TABLETAS.",20 TABLETAS,PIH:4061,spironolactone,90,
010.000.2304.01,"ESPIRONOLACTONA DE 25 MG, TABLETA, ENVASE CON 30 TABLETAS.",30 TABLETAS,PIH:4061,spironolactone,90,
010.000.2403.00,"ESTREPTOMICINA, SULFATO  DE  DE  1  G,  SOLUCIÓN  INYECTABLE,   ENVASE CON UN FRASCO ÁMPULA Y DILUYENTE  CON 2 ML.",FRASCO ÁMPULA Y DILUYENTE  CON 2 ML,CIEL:84360,streptomycin,85,
010.000.1506.00,ESTRÓGENOS CONJUGADOS CREMA VAGINAL 0.625 MG/ G,ENVASE CON 43 G. Y APLICADOR,CIEL:75929,"estrogens, conjugated (usp)",,
010.000.1489.00,"ESTRÓGENOS CONJUGADOS DE ORIGEN  VEGETAL  DE 0.625 MG, GRAGEA  O TABLETA, ENVASE CON 42 GRAGEAS O TABLETAS.",42 GRAGEAS O TABLETAS,CIEL:75929,"estrogens, conjugated (usp)",77,
010.000.1501.00,"ESTROGENOS CONJUGADOS ORIGEN NATURAL, GRAGEAS DE .625 MG",ENVASE CON 42 GRAGEAS O TABLETAS,CIEL:104606,"estrogens, conjugated (usp) / estrone",,
010.000.2405.00,"ETAMBUTOL,   CLORHIDRATO  DE  DE  400  MG,  TABLETA,   ENVASE   CON  50 TABLETAS.",50 TABLETAS,PIH:745,ethambutol,95,
010.000.3510.00,"ETONOGESTREL  DE   68   MG,   IMPLANTE,   ENVASE   CON   UN   IMPLANTE   Y APLICADOR.",IMPLANTE Y APLICADOR.,CIEL:76022,ETONOGESTREL,,
010.000.4025.00,"EZETIMIBA-SIMVASTATINA DE 10 MG/ 20 MG, COMPRIMIDO, ENVASE  CON 14 COMPRIMIDOS.",ENVASE CON 14 COMPRIMIDOS.,CIEL:104633,,,
010.000.2114.00,FELODIPINO  TABLETA DE LIBERACIÓN  PROLONGADA 5 MG,ENVASE CON 10 TABLETAS,CIEL:76211,felodipine,71,
010.000.2331.00,FENAZOPIRIDINA TABLETA 100 MG.,ENVASE CON 20 TABLETAS.,CIEL:81909,phenazopyridine,,
010.000.0525.00,"FENITOÍNA   SÓDICA   DE  100  MG,  CÁPSULA   O  TABLETA,   ENVASE   CON  50 TABLETAS O CÁPSULAS.",50 TABLETAS O CÁPSULAS,CIEL:82024,,,
010.000.2611.00,"FENITOÍNA  DE  37.5  MG/5  ML,  SUSPENSIÓN   ORAL,  ENVASE  CON  120  ML  Y VASITO DOSIFICADOR DE 5 ML.",ENVASE CON 120 ML Y DOSIFICADOR DE 5 ML,CIEL:82023,,,
010.000.2624.00,"FENITOÍNA  SÓDICA  DE 250 MG/5  ML, SOLUCIÓN  INYECTABLE,  ENVASE  CON UNA AMPOLLETA  (250 MG/5 ML).",UNA AMPOLLETA  CON 5 ML,CIEL:82024,,,
010.000.2610.00,"FENITOÍNA  SÓDICA DE 30 MG, TABLETA, ENVASE CON 50 TABLETAS.",50 TABLETAS,CIEL:82024,,,
010.000.0626.01,"FITOMENADIONA  SOLUCIÓN   O  EMULSIÓN   INYECTABLE,   CADA  AMPOLLETA CONTIENE   FITOMENADIONA 10 MG. PRESENTACIÓN: 5 AMPOLLETAS CON 1.0 ML",ENVASE CON 5 AMPOLLETAS DE 1 ML.,CIEL:86353,,,
010.000.1732.00,"FITOMENADIONA DE  2  MG,  SOLUCIÓN  O  EMULSIÓN  INYECTABLE,   ENVASE CON 3 AMPOLLETAS DE 0.2 ML.",3 AMPOLLETAS CON 0.2 ML,CIEL:86353,vitamin k 1,,
010.000.1732.01,"FITOMENADIONA DE  2  MG,  SOLUCIÓN  O  EMULSIÓN  INYECTABLE,   ENVASE CON 5 AMPOLLETAS DE 0.2 ML.",ENVASE CON 5 AMPOLLETAS DE 0.2 ML.,CIEL:86353,vitamin k 1,,
010.000.0811.00,FLUOCINOLONA ACETONIDO  DE CREMA 0.1 MG/G,ENVASE CON 20 GRAMOS,CIEL:76515,fluocinolone acetonide,91,
010.000.4483.00,"FLUOXETINA,   CLORHIDRATO DE  DE  20  MG,  CÁPSULA  O TABLETA,  ENVASE CON 14 CÁPSULAS  O TABLETAS.",14 CÁPSULAS  O TABLETAS,CIEL:76553,fluoxetine hydrochloride,81,
010.000.4483.01,"FLUOXETINA,   CLORHIDRATO DE  DE  20  MG,  CÁPSULA  O TABLETA,  ENVASE CON 28 CÁPSULAS  O TABLETAS.",28 CÁPSULAS  O TABLETAS,CIEL:76553,fluoxetine hydrochloride,81,
010.000.1701.00,"FUMARATO  FERROSO   DE CADA  TABLETA  CONTIENE:  FUMARATO  FERROSO 200 MG EQUIVALENTE A 65.74 MG DE HIERRO ELEMENTAL,  TABLETA, ENVASE CON 50 TABLETAS.",50 TABLETAS,CIEL:76335,ferrous fumarate,88,
010.000.1702.00,"FUMARATO  FERROSO  DE CADA ML CONTIENE:  FUMARATO  FERROSO  29 MG EQUIVALENTE  A  9.53   MG   DE   HIERRO   ELEMENTAL,    SUSPENSIÓN   ORAL, ENVASE CON 120 ML.",ENVASE CON 120 ML,CIEL:76335,ferrous fumarate,88,
010.000.2308.00,"FUROSEMIDA   DE  20  MG/2   ML,  SOLUCIÓN   INYECTABLE,   ENVASE   CON   5 AMPOLLETAS CON 2 ML.",5 AMPOLLETAS CON 2 ML,PIH:99,furosemide,90,
010.000.2307.00,"FUROSEMIDA  DE 40 MG, TABLETA, ENVASE CON 20 TABLETAS.",20 TABLETAS,PIH:99,furosemide,90,
010.000.1955.00,"GENTAMICINA, SULFATO DE DE 20 MG, SOLUCIÓN INYECTABLE,  ENVASE CON AMPOLLETA  CON 2 ML.",AMPOLLETA  CON 2 ML,PIH:100,gentamicin,95,
010.000.1954.00,"GENTAMICINA, SULFATO DE DE 80 MG, SOLUCIÓN INYECTABLE,  ENVASE CON AMPOLLETA  CON 2 ML.",AMPOLLETA  CON 2 ML,PIH:100,gentamicin,95,
010.000.1042.00,"GLIBENCLAMIDA DE 5 MG, TABLETA, ENVASE CON 50 TABLETAS.",50 TABLETAS,PIH:4046,glibenclamide,92,
060.596.0111,GLICERINA  ENVASE CON 55 ML,ENVASE,CIEL:77073,glycerin,,
010.000.3607.00,"GLUCOSA  ANHIDRA  DE CADA  100 ML CONTIENEN:  GLUCOSA  ANHIDRA  50 G EQUIVALENTE A 50.0 G DE GLUCOSA.  CONTIENE:  GLUCOSA  25 G, SOLUCIÓN INYECTABLE  AL 50 %, ENVASE CON 50 ML.",ENVASE CON 50 ML,CIEL:77054,,,
010.000.4201.00,HIDRALAZINA     SOLUCIÓN     INYECTABLE     CADA     AMPOLLETA     CONTIENE: CLORHIDRATO DE HIDRALAZINA  10 MG.,5 AMPOLLETAS CON 1.0 ML,CIEL:77675,hydralazine,,
010.000.0570.00,"HIDRALAZINA,  CLORHIDRATO  DE  DE  10  MG,  TABLETA,   ENVASE   CON  20 TABLETAS.",20 TABLETAS,CIEL:77675,hydralazine,82,
010.000.2116.00,"HIDRALAZINA, CLORHIDRATO DE DE CADA AMPOLLETA  CONTIENE: CLORHIDRATO DE HIDRALAZINA  10 MG / ML, SOLUCIÓN INYECTABLE,  ENVASE CON 5 AMPOLLETAS CON 1 ML.",5 AMPOLLETAS CON 1.0 ML,CIEL:77675,hydralazine,82,
010.000.4201.00,"HIDRALAZINA, CLORHIDRATO DE DE CADA AMPOLLETA  CONTIENE: CLORHIDRATO DE HIDRALAZINA  20 MG / ML, SOLUCIÓN INYECTABLE,  ENVASE CON 5 AMPOLLETAS CON 1 ML.",5 AMPOLLETAS CON 1.0 ML,CIEL:77675,hydralazine,82,
010.000.2301.00,"HIDROCLOROTIAZIDA DE 25 MG, TABLETA, ENVASE CON 20 TABLETAS.",20 TABLETAS,PIH:1243,hydrochlorothiazide,83,
010.000.0813.00,"HIDROCORTISONA, 17-BUTIRATO  DE DE 1 MG / G, CREMA, ENVASE CON 15 G.",ENVASE CON 15 G,CIEL:77714,hydrocortisone,86,
010.000.0474.00,"HIDROCORTISONA, SUCCINATO   SÓDICO  DE  DE  100  MG  / 2  ML,  SOLUCIÓN INYECTABLE,  ENVASE  CON 50 FRASCOS  ÁMPULA  Y 50 AMPOLLETAS CON 2 ML DE DILUYENTE.",50 FRASCOS ÁMPULA Y 50 AMPOLLETAS CON2 ML DE DILUYENTE.,CIEL:77714,hydrocortisone,86,
060.182.1150,"HIDRÒXIDO  DE CALCIO ESTUCHE BASE-CATALIZADOR, PARA SELLAR CAVIDADES DENTALES. DE HIDRÓXIDO DE CALCIO, COMPUESTO AUTOPOLIMERIZABLE,  DOS  PASTAS   SEMILÍQUIDAS,  BASE  13G  Y CATALIZADOR 11GR CON BLOQUE DE PAPEL PARA MEZCLAR,  ESTUCHE  CON JUEGO Y APLICADOR  DESECHABLE",PIEZA,CIEL:72682,calcium hydroxide,,
010.000.1705.00,HIERRO  DEXTRÁN  SOLUCIÓN  INYECTABLE  - 100  MG/2  ML  - 3 AMPOLLETAS CON 2 ML,ENVASE,CIEL:78230,,,
010.000.1712.00,HIERRO AMINOQUELADO Y ÁCIDO FÓLICO TABLETA  - HIERRO ELEMENTAL  30 MG ÁCIDO FÓLICO 0.500 MG - 30 TABLETAS,ENVASE,PIH:773,,,
010.000.2893.00,"HIPROMELOSA DE  20  MG/ML,  SOLUCIÓN  OFTÁLMICA   AL  2%,  ENVASE  CON GOTERO INTEGRAL CON 15 ML.",ENVASE CON GOTERO INTEGRAL CON 15 ML.,CIEL:77850,hypromellose,78,
020.000.3833.00,"INMUNOGLOBULINA HUMANA ANTIRRÁBICA DE CADA FRASCO ÁMPULA O AMPOLLETA  CONTIENE:  INMUNOGLOBULINA HUMANA  ANTIRRÁBICA 300  UI, SOLUCIÓN  INYECTABLE,  ENVASE  CON  UN  FRASCO  ÁMPULA  O AMPOLLETA CON 2 ML.",FRASCO ÁMPULA O AMPOLLETA  CON 2 ML,CIEL:77594,human immunoglobulin,72,
010.000.1051.00,"INSULINA  HUMANA  ACCIÓN  RÁPIDA  REGULAR  (ORIGEN  ADN RECOMBINANTE ) DE 100 UI / ML, SOLUCIÓN  INYECTABLE,  ENVASE  CON UN FRASCO  ÁMPULA CON 5 ML.",UN FRASCO ÁMPULA CON 5 ML,CIEL:78082,"insulin, regular, human",75,
4158,INSULINA GLARGINA SOLUCIÓN INYECTABLE 3.64 MG/ML.,ENVASE CON 5 CARTUCHOS DE VIDRIO CON 3 ML. EN DISPOSITIVO DESECHABLE,CIEL:78064,"insulin, glargine, human",,
010.000.1051.01,"INSULINA HUMANA ACCIÓN RÁPIDA REGULAR (ORIGEN ADN RECOMBINANTE) DE 100 UI / ML, SOLUCIÓN  INYECTABLE,  ENVASE  CON UN FRASCO  ÁMPULA CON 10 ML.",UN FRASCO ÁMPULA CON 10 ML,CIEL:78082,"insulin, regular, human",75,
010.000.1050.01,"INSULINA HUMANA ISÓFANA ACCIÓN INTERMEDIA NPH (ORIGEN ADN RECOMBINANTE ) DE 100  UI / ML,  SUSPENSIÓN  INYECTABLE,  ENVASE  CON UN FRASCO ÁMPULA CON 10 ML.",UN FRASCO ÁMPULA CON 10 ML,CIEL:78068,insulin nph (human),86,
010.000.4157.00,"INSULINA ZINC COMPUESTA  HUMANA (ORIGEN ADN RECOMBINANTE )ACCIÓN INTERMEDIA   DE  100  UI  /  ML,  SUSPENSIÓN   INYECTABLE,   ENVASE  CON  UN FRASCO ÁMPULA CON 10 ML.",UN FRASCO ÁMPULA CON 10 ML,CIEL:78086,"INSULIN, ZINC, HUMAN",,
010.000.1050.00,"INSULINA ZINC ISÓFANA HUMANA ACCIÓN INTERMEDIA NPH (ORIGEN ADN RECOMBINANTE ) DE 100  UI / ML,  SUSPENSIÓN  INYECTABLE,  ENVASE  CON UN FRASCO ÁMPULA CON 5 ML.",UN FRASCO ÁMPULA CON 5 ML,CIEL:78068,"INSULIN, ISOPHANE, HUMAN",,
060.066.0658,IODOPOVIDONA  ESPUMA.  CADA  100  ML  CONTIENEN:   IODOPOVIDONA  8  G. EQUIVALENTE A 0.8 G DE YODO.,ENVASE CON 3.5 L.,CIEL:82384,povidone iodine,,
060.066.0666,"IODOPOVIDONA SOLUCION  CADA  100 ML CONTIENEN  IODOPOVIDONA 11 G., EQUIVALENTE A 1.1 G DE YODO. ENVASE CON 3.5 ML.",ENVASE CON 3.5 L,CIEL:82384,povidone iodine,,
010.000.4097.00,"IRBESARTÁN  - HIDROCLOROTIAZIDA DE 150 MG/12.5  MG, TABLETA,  ENVASE CON 28 TABLETAS.",ENVASE CON 28 TABLETAS.,CIEL:104831,,,
010.000.2024.00,"ISOCONAZOL, NITRATO DE DE 1 G / 100 G, CREMA, ENVASE CON 20 G.",ENVASE CON 20 G,CIEL:78251,isoconazole,95,
010.000.2418.00,"ISONIAZIDA   -  RIFAMPICINA-PIRAZINAMIDA  -  CLORHIDRATO  DE  ETAMBUTOL DE 75 MG/150 MG/400 MG/300 MG, TABLETA, ENVASE CON 240 TABLETAS.",240 TABLETAS,PIH:656,isoniazid,95,
010.000.2417.00,"ISONIAZIDA   Y  RIFAMPICINA   DE  400   MG/300   MG,   TABLETA   RECUBIERTA, ENVASE CON 90 TABLETAS RECUBIERTAS.",90 TABLETAS RECUBIERTAS,PIH:656,isoniazid,90,
010.000.2404.00,"ISONIAZIDA  DE 100 MG, TABLETA, ENVASE CON 200 TABLETAS.",200 TABLETAS,PIH:656,isoniazid,95,
010.000.0592.00,"ISOSORBIDA,  DINITRATO  DE DE 5 MG, TABLETA  SUBLINGUAL,  ENVASE  CON 20 TABLETAS SUBLINGUALES.",20 TABLETAS SUBLINGUALES,PIH:3428,isosorbide dinitrate,81,
010.000.0593.00,"ISOSORBIDA,  DINITRATO DE DE 10 MG, TABLETA, ENVASE CON 20 TABLETAS.",20 TABLETAS,PIH:3428,isosorbide dinitrate,81,
010.000.2018.00,"ITRACONAZOL DE 100 MG, CÁPSULA, ENVASE CON 15 CÁPSULAS.",15 CÁPSULAS,CIEL:78338,itraconazole,96,
S/C,JABON CON CLORHEXIDINA AL 4 % ANTISEPTICO  DE AMPLIO ESPECTRO  CON ACCION  INTERMEDIA   Y  PROLONGADA  PARA  LAVADO  DE  MANOS INGREDIENTE ACTIVO AL 4 % P/V 946 ML PIEZA,PIEZA,CIEL:73265,chlorhexidine gluconate,,
060.543.0115,JALEA LUBRICANTE.  ASÉPTICA.,ENVASE CON 135 G,CIEL:162138,lubricant jelly,,
010.000.2016.00,"KETOCONAZOL DE 200 MG, TABLETA, ENVASE CON 10 TABLETAS.",10 TABLETAS,PIH:926,ketoconazole,96,
010.000.2504.00,"KETOPROFENO DE 100 MG, CÁPSULA, ENVASE CON 15 CÁPSULAS.",15 CÁPSULAS,CIEL:78479,ketoprofen,95,
S/C,KETOROLACO TOMETAMINA  TABLETAS DE 10 MG,FRASCO DE 10 TABLETAS CON 10 MG,CIEL:78482,ketorolac tromethamine,73,
010.000.3504.00,"LEVONORGESTREL  Y   ETINILESTRADIOL  DE   0.15   MG/0.03   MG,   GRAGEA, ENVASE CON 21 GRAGEAS.",21 GRAGEAS,CIEL:162296,Levonorgestrel/Ethinylestradiol,,
010.000.3507.00,"LEVONORGESTREL  Y   ETINILESTRADIOL  DE   0.15   MG/0.03   MG,   GRAGEA, ENVASE CON 28 GRAGEAS (21 CON HORMONALES Y 7 SIN HORMONALES).",28 GRAGEAS (21 CON HORMONALES Y 7 SINHORMONALES),CIEL:162296,Levonorgestrel/Ethinylestradiol,,
010.000.4526.00,"LEVONORGESTREL DE 0.03 MG, GRAGEA, ENVASE CON 35 GRAGEAS.",35 GRAGEAS,PIH:1718,levonorgestrel,100,
010.000.2210.00,"LEVONORGESTREL DE 0.750  MG,  COMPRIMIDO  O TABLETA,  ENVASE  CON 2 COMPRIMIDOS O TABLETAS.",ENVASE CON 2 COMPRIMIDOS O TABLETAS.,PIH:1718,levonorgestrel,100,
010.000.0264.00,"LIDOCAÍNA  DE 10.0 G / 100 ML, SOLUCIÓN  AL 10%, ENVASE  CON 115 ML CON ATOMIZADOR  MANUAL.",115 ML CON ATOMIZADOR  MANUAL,CIEL:78849,lidocaine,82,
SIN CLAVE,LIDOCAINA-HIDROCORTISONA UNGÜENTO  50 MG/2.5 MG/1G,ENVASE,CIEL:104859,,,
010.000.0261.00,"LIDOCAÍNA,    CLORHIDRATO  DE   (GT3)   DE   500   MG   /   50   ML,   SOLUCIÓN INYECTABLE  AL 1%, ENVASE CON 5 FRASCOS ÁMPULA DE 50 ML.",5 FRASCOS ÁMPULA CON 50 ML,CIEL:78849,lidocaine,82,
010.000.0262.00,"LIDOCAÍNA,  CLORHIDRATO DE DE 1 G / 50 ML, SOLUCIÓN  INYECTABLE  AL 2%, ENVASE CON 5 FRASCOS ÁMPULA CON 50 ML.",5 FRASCOS ÁMPULA CON 50 ML,CIEL:78849,lidocaine,82,
010.000.0265.00,"LIDOCAÍNA,  CLORHIDRATO DE,  EPINEFRINA  DE  1  G  / (1:200000)  / 0.25  MG, SOLUCIÓN  INYECTABLE  AL  2%,  ENVASE  CON  5 FRASCOS  ÁMPULA  CON  50 ML.",5 FRASCOS ÁMPULA CON 50 ML,CIEL:104584,,,
010.000.0267.00,"LIDOCAÍNA,  CLORHIDRATO DE, EPINEFRINA  DE 36 MG / (1:100000)  / 0.018 MG, SOLUCIÓN INYECTABLE  AL 2%, ENVASE CON 50 CARTUCHOS  DENTALES  CON 1.8 ML.",50 CARTUCHOS DENTALES  CON 1.8 ML,CIEL:104584,,,
010.000.0263.00,"LIDOCAÍNA,  CLORHIDRATO DE, GLUCOSA  MONOHIDRATADA DE 100 MG / 2 ML / 150 MG, SOLUCIÓN  INYECTABLE  AL 5%, ENVASE CON 50 AMPOLLETAS CON 2 ML.",50 AMPOLLETAS CON 2 ML,CIEL:104735,,,
010.000.2501.00,"LISINOPRIL  DE 10 MG, CÁPSULA  O TABLETA,  ENVASE  CON 30 CÁPSULAS  O TABLETAS.",30 CÁPSULAS  O TABLETAS,PIH:3183,lisinopril,100,
010.000.4184.00,LOPERAMIDA  TABLETA CADA COMPRIMIDO  TABLETAS  O GRAGEA CONTIENE: CLORHIDRATO DE LOPERAMIDA  2 MG.,ENVASE CON 12 TABLETAS.,CIEL:79038,,,
010.000.4184.00,"LOPERAMIDA,   CLORHIDRATO   DE   DE   2   MG,   COMPRIMIDO,   TABLETA   O GRAGEA, ENVASE CON 12 COMPRIMIDOS, TABLETAS O GRAGEAS.","12 COMPRIMIDOS, TABLETAS O GRAGEAS",CIEL:79038,loperamide hydrochloride,81,
010.000.2144.00,"LORATADINA  DE 10 MG, TABLETA  O GRAGEA,  ENVASE  CON 20 TABLETAS  O GRAGEAS.",20 TABLETAS O GRAGEAS,CIEL:79053,loratadine,90,
SIN CLAVE,LORATADINA  JARABE 5MG/5ML.,ENVASE,CIEL:79053,loratadine,,
2520,LOSARTAN GRAGEA 50 MG,GRAGEA,CIEL:79074,losartan,,
010.000.5359.00,"MAGNESIO,    VALPROATO    DE    DE    600    MG,    TABLETA    DE    LIBERACIÓN PROLONGADA, ENVASE CON 30 TABLETAS.",30 TABLETAS,CIEL:79224,magnesium,82,
010.000.2622.00,"MAGNESIO,   VALPROATO   DE  (ÁCIDO  VALPROICO)   DE  185.6  MG  /  200  MG, TABLETA CON CUBIERTA ENTÉRICA,  ENVASE CON 40 TABLETAS.",40 TABLETAS,CIEL:79224,magnesium,82,
010.000.2623.00,"MAGNESIO,  VALPROATO  DE (ÁCIDO  VALPROICO)  DE 186 MG/ML,  SOLUCIÓN, ENVASE CON 40 ML.",ENVASE CON 40 ML,CIEL:79224,magnesium,82,
010.000.2136.00,"MEBENDAZOL DE 100 MG, TABLETA, ENVASE CON 6 TABLETAS.",6 TABLETAS,PIH:244,mebendazole,95,
010.000.3509.00,"MEDROXIPROGESTERONA, ACETATO  DE, ESTRADIOL,  CIPIONATO  DE DE 25 MG/5  MG/0.5  ML, SUSPENSIÓN  INYECTABLE,  ENVASE  CON UNA AMPOLLETA CON 0.5 ML.",AMPOLLETA  O JERINGA PRELLENADA CON  0.5 ML,CIEL:79494,medroxyprogesterone,89,
010.000.3423.00,"MELOXICAM  DE 15 MG, TABLETA, ENVASE CON 10 TABLETAS.",ENVASE CON 10 TABLETAS.,CIEL:79532,meloxicam,100,
060.630.0028,MERCURIO  TRIDESTILADO. QUIMICAMENE PURO. ENVASE CON 250 G.,ENVASE CON 250 G,CIEL:79605,mercury,,
010.000.0108.00,"METAMIZOL     SÓDICO     DE    500    MG,    COMPRIMIDO,    ENVASE     CON    10 COMPRIMIDOS.",10 COMPRIMIDOS,CIEL:75047,DIPYRONE,,
010.000.0109.00,"METAMIZOL  SÓDICO  DE 1 G / 2 ML, SOLUCIÓN  INYECTABLE,  ENVASE  CON 3 AMPOLLETAS CON 2 ML.",3 AMPOLLETAS CON 2 ML,CIEL:75047,DIPYRONE,,
010.000.5165.00,"METFORMINA,  CLORHIDRATO  DE  DE  850  MG,  TABLETA,   ENVASE   CON  30 TABLETAS.",30 TABLETAS,CIEL:79652,metformin hydrochloride,81,
010.000.3444.00,"METOCARBAMOL DE 400 MG, TABLETA, ENVASE CON 30 TABLETAS.",30 TABLETAS,CIEL:79696,methocarbamol,96,
010.000.1243.00,"METOCLOPRAMIDA,  CLORHIDRATO  DE  DE  4  MG/ML,   SOLUCIÓN,   ENVASE FRASCO GOTERO CON 20 ML.",FRASCO GOTERO CON 20 ML,CIEL:79757,metoclopramide hydrochloride,84,
010.000.1241.00,"METOCLOPRAMIDA, CLORHIDRATO DE  DE  10  MG,  SOLUCIÓN  INYECTABLE, ENVASE CON 6 AMPOLLETAS DE 2 ML.",6 AMPOLLETAS CON 2 ML,CIEL:79757,metoclopramide hydrochloride,84,
010.000.1242.00,"METOCLOPRAMIDA, CLORHIDRATO DE DE 10 MG, TABLETA,  ENVASE  CON 20 TABLETAS.",20 TABLETAS,CIEL:79757,metoclopramide hydrochloride,84,
010.000.0572.00,"METOPROLOL,  TARTRATO   DE   DE   100   MG,   TABLETA,   ENVASE   CON   20 TABLETAS.",20 TABLETAS,CIEL:79767,METOPROLOL TARTRATE,,
010.000.1561.00,"METRONIDAZOL DE 500  MG,  ÓVULO  O TABLETA  VAGINAL,  ENVASE  CON  10 ÓVULOS O TABLETAS.",10 ÓVULOS O TABLETAS VAGINALES,PIH:237,metronidazole,96,
010.000.1308.00,"METRONIDAZOL DE 500 MG, TABLETA, ENVASE CON 20 TABLETAS.",20 TABLETAS,PIH:237,metronidazole,96,
010.000.1308.01,"METRONIDAZOL DE 500 MG, TABLETA, ENVASE CON 30 TABLETAS.",30 TABLETAS,PIH:237,metronidazole,96,
010.000.1310.00,"METRONIDAZOL,  BENZOILO   DE  DE  250  MG  /  5  ML,  SUSPENSIÓN   ORAL, ENVASE CON 120 ML Y DOSIFICADOR.",ENVASE CON 120 ML,CIEL:79783,METRONIDAZOLE BENZOATE,,
010.000.0891.00,"MICONAZOL,  NITRATO DE DE 20 MG / G, CREMA, ENVASE CON 20 G.",ENVASE CON 20 G,PIH:918,miconazole nitrate,90,
SIN CLAVE,MISOPROSTROL CADA  TABLETA  CONTIENE:  MISOPROSTOL 200 µG  ENVASE CON 28 COMPRIMIDOS,ENVASE CON 28 COMPRIMIDOS.,CIEL:79984,misoprostol,90,
010.000.4141.00,"MOMETASONA, MONOHIDRATADA FUROATO  DE  (GT18)  DE  0.050  G/100  ML, SUSPENSIÓN    PARA   INHALACIÓN,    ENVASE   NEBULIZADOR  CON   18   ML   Y VÁLVULA DOSIFICADORA (140 NEBULIZACIONES DE 50 µG CADA UNA).",ENVASE NEBULIZADOR CON 18 ML Y VÁLVULA DOSIFICADORA (140 NEBULIZACIONES DE 50 µG CADA UNA).,CIEL:80049,mometasone,90,
010.000.5383.00,"MULTIVITAMINAS (POLIVITAMINAS) Y MINERALES  DE VITAMINA  A, 2500 UI, D2, 200  UI,  E,  15.0  MG,  C,  60  MG,  TIAMINA,   1.05  MG,  RIBOFLAVINA,  1.2  MG, PIRIDOXINA,  1.05 MG, CIANOCOBALAMINA, 4.5 µG, NICOTINAMINA, 13.5 MG Y HIERRO    ELEMENTAL    10   MG/5   ML,   JARABE,    ENVASE    CON   240   ML   Y DOSIFICADOR.",ENVASE CON 240 ML,PIH:461,multivitamin,92,
010.000.2804.00,"NAFAZOLINA,    CLORHIDRATO   DE   DE   1   MG/ML,    SOLUCIÓN    OFTÁLMICA, ENVASE CON GOTERO INTEGRAL CON 15 ML.",GOTERO INTEGRAL CON 15 ML,CIEL:80384,naphazoline,76,
010.000.3419.00,"NAPROXENO  DE 125 MG/ 5 ML, SUSPENSIÓN  ORAL, ENVASE CON 100 ML.",ENVASE CON 100 ML,CIEL:80395,naproxen,94,
010.000.3407.00,"NAPROXENO  DE 250 MG, TABLETA, ENVASE CON 30 TABLETAS.",30 TABLETAS,CIEL:80395,naproxen,94,
010.000.2823.00,"NEOMICINA,   SULFATO  DE,  POLIMIXINA   B,  SULFATO  DE  Y  GRAMICIDINA   DE 1.75  MG/5  000  U/25  µG/ML.,  SOLUCIÓN  OFTÁLMICA,   ENVASE  CON  GOTERO INTEGRAL CON 15 ML.",GOTERO INTEGRAL CON 15 ML,CIEL:80514,neomycin,82,
010.000.0597.00,"NIFEDIPINO   DE  10  MG,  CÁPSULA  DE  GELATINA  BLANDA,  ENVASE  CON  20 CÁPSULAS.",20 CÁPSULAS,PIH:250,nifedipine,90,
010.000.0599.00,"NIFEDIPINO  DE 30 MG, COMPRIMIDO  DE LIBERACIÓN  PROLONGADA, ENVASE CON 30 COMPRIMIDOS.",30 COMPRIMIDOS,PIH:250,nifedipine,90,
010.000.1566.00,"NISTATINA   DE  100  000  UI,  ÓVULO  O  TABLETA  VAGINAL,  ENVASE  CON  12 ÓVULOS O TABLETAS.",12 ÓVULOS O TABLETAS VAGINALES,PIH:919,nystatin,82,
010.000.4260.00,"NISTATINA DE 2 400 000 UI / 24 ML, SUSPENSIÓN  ORAL, ENVASE PARA 24 ML.",ENVASE PARA 24 ML,PIH:919,nystatin,82,
SIN CLAVE,"NISTATINA SUSPENSION  ORAL 100,000 UI/ML.",ENVASE,PIH:919,nystatin,,
010.000.2524.00,"NITAZOXANIDA DE 100 MG/5 ML, SUSPENSIÓN  ORAL, ENVASE CON 30 ML.",ENVASE CON 30 ML,CIEL:80675,nitazoxanide,92,
010.000.2519.00,"NITAZOXANIDA DE 200 MG, TABLETA, ENVASE CON 6 TABLETAS.",6 TABLETAS,CIEL:80675,nitazoxanide,92,
010.000.1562.00,"NITROFURAL  DE 6 MG, ÓVULO, ENVASE CON 6 ÓVULOS.",6 ÓVULOS,CIEL:80701,nitrofurazone,78,
010.000.1911.00,"NITROFURANTOÍNA DE 100 MG, CÁPSULA, ENVASE CON 40 CÁPSULAS.",40 CÁPSULAS,CIEL:80696,nitrofurantoin,93,
010.000.5302.00,"NITROFURANTOÍNA DE 500 MG/100 ML, SUSPENSIÓN  ORAL, ENVASE CON 120 ML (25 MG/5 ML).",ENVASE CON 120 ML,CIEL:80696,nitrofurantoin,93,
SIN CLAVE,NITROFURANTOINA SUSPENSION  25MG/5ML.,ENVASE,CIEL:80696,nitrofurantoin,,
010.000.3511.00,"NORELGESTROMINA Y ETINILESTRADIOL DE 6 MG/0.60 MG, PARCHE, ENVASE CON 3 PARCHES.",3 PARCHES,CIEL:104626,ethinyl estradiol / norelgestromin,74,
010.000.0804.00,"ÓXIDO DE ZINC DE 25. 0 G / 100 G, PASTA, ENVASE CON 30 G.",ENVASE CON 30 G,PIH:4064,,,
010.000.0106.00,"PARACETAMOL  DE  100  MG  /  ML,  SOLUCIÓN   ORAL,  ENVASE  CON  15  ML, GOTERO  CALIBRADO  A 0.5 Y 1 ML, INTEGRADO  O ADJUNTO  AL ENVASE  QUE SIRVE DE TAPA.",ENVASE CON GOTERO 15 ML,PIH:89,paracetamol,100,
010.000.0514.02,"PARACETAMOL DE 100 MG, SUPOSITORIO, ENVASE CON 10 SUPOSITORIOS.",10 SUPOSITORIOS,PIH:89,paracetamol,100,
010.000.0514.00,"PARACETAMOL DE 100 MG, SUPOSITORIO, ENVASE CON 3 SUPOSITORIOS.",3 SUPOSITORIOS,PIH:89,paracetamol,100,
010.000.0514.01,"PARACETAMOL DE 100 MG, SUPOSITORIO, ENVASE CON 6 SUPOSITORIOS.",6 SUPOSITORIOS,PIH:89,paracetamol,100,
010.000.0105.00,"PARACETAMOL DE 300 MG, SUPOSITORIO, ENVASE CON 3 SUPOSITORIOS.",3 SUPOSITORIOS,PIH:89,paracetamol,100,
010.000.0104.00,"PARACETAMOL DE 500 MG, TABLETA, ENVASE CON 10 TABLETAS.",10 TABLETAS,PIH:89,paracetamol,100,
010.000.5481.00,"PAROXETINA,  CLORHIDRATO  DE  DE  20  MG,   TABLETA,   ENVASE   CON  10 TABLETAS.",10 TABLETAS,CIEL:81604,paroxetine,90,
010.000.0865.00,"PERMETRINA  DE 1 G/100 ML, SOLUCIÓN,  ENVASE CON 110 ML.",ENVASE CON 110 ML,CIEL:81834,permethrin,90,
010.000.2138.00,"PIRANTEL,  PAMOATO DE DE 250 MG, TABLETA, ENVASE CON 6 TABLETAS.",6 TABLETAS,CIEL:82898,pyrantel,88,
010.000.2413.00,"PIRAZINAMIDA DE 500 MG, TABLETA, ENVASE CON 50 TABLETAS.",50 TABLETAS,PIH:5829,pyrazinamide,83,
010.000.5232.00,"PIRIDOXINA  DE 300 MG, TABLETA, ENVASE CON 10 TABLETAS.",10 TABLETAS,CIEL:82912,pyridoxine,80,
010.000.3415.00,PIROXICAM  CAPSULA O TABLETA 20 MG.,ENVASE CON 20 CAPSULAS  O TABLETAS.,CIEL:82163,piroxicam,,
010.000.1271.00,"PLÁNTAGO  PSYLLIUM DE 49.7 G/100 G, POLVO, ENVASE CON 400 G.",ENVASE CON 400 G,CIEL:82862,psyllium,,
010.000.0901.00,"PODOFILINA,  RESINA  DE DE 250 MG / ML, SOLUCIÓN  DÉRMICA,  ENVASE CON 5 ML.",ENVASE CON 5 ML,CIEL:82228,podophyllin,,
010.000.2040.00,"PRAZICUANTEL DE 600 MG, TABLETA, ENVASE CON 25 TABLETAS.",25 TABLETAS,CIEL:82416,praziquantel,92,
010.000.0472.00,"PREDNISONA  (GT12) DE 5 MG, TABLETA, ENVASE CON 20 TABLETAS",20 TABLETAS,CIEL:82453,prednisone,90,
010.000.0473.00,"PREDNISONA  DE 50 MG, TABLETA, ENVASE CON 20 TABLETAS.",20 TABLETAS,CIEL:82453,prednisone,90,
010.000.2032.00,"PRIMAQUINA,  FOSFATO DE DE 15 MG, TABLETA, ENVASE CON 20 TABLETAS.",20 TABLETAS,CIEL:82521,primaquine,90,
010.000.2031.00,"PRIMAQUINA,  FOSFATO DE DE 5 MG, TABLETA, ENVASE CON 20 TABLETAS.",20 TABLETAS,CIEL:82521,primaquine,90,
010.000.0539.00,"PROPRANOLOL,  CLORHIDRATO  DE  DE  10  MG,  TABLETA,  ENVASE  CON  30 TABLETAS.",30 TABLETAS,CIEL:82734,propranolol hydrochloride,90,
010.000.0530.00,"PROPRANOLOL,  CLORHIDRATO  DE  DE  40  MG,  TABLETA,  ENVASE  CON  30 TABLETAS.",30 TABLETAS,CIEL:82734,propranolol hydrochloride,90,
010.000.1314.00,QUINFAMIDA  TABLETA 300 MG,ENVASE CON 1 TABLETA,CIEL:83014,quinfamide,71,
010.000.1233.00,"RANITIDINA,   CLORHIDRATO DE  DE  150  MG,  GRAGEA  O  TABLETA,  ENVASE CON 20 GRAGEAS O TABLETAS.",20 GRAGEAS O TABLETAS,PIH:923,ranitidine,90,
010.000.2151.00,"RANITIDINA,  CLORHIDRATO DE DE 150 MG/10 ML, JARABE,  ENVASE  CON 200 ML.",ENVASE 200 ML,PIH:923,ranitidine,90,
010.000.2410.00,"RIFAMPICINA  DE 100 MG / 5 ML, SUSPENSIÓN  ORAL,  ENVASE  CON 120 ML Y DOSIFICADOR.",ENVASE CON 120 ML,CIEL:767,Rifampin,,
010.000.2409.00,"RIFAMPICINA  DE 300 MG, CÁPSULA,  COMPRIMIDO  O TABLETA  RECUBIERTA, ENVASE CON 1000 CÁPSULAS,  COMPRIMIDOS O TABLETAS RECUBIERTAS.",1 000 CÁPSULAS  O COMPRIMIDOS O TABLETAS RECUBIERTAS,CIEL:767,Rifampin,,
010.000.0429.00,"SALBUTAMOL  Ó  SULFATO   DE  SALBUTAMOL  DE  20  MG,  SUSPENSIÓN   EN AEROSOL,  ENVASE CON INHALADOR  CON 200 DOSIS DE 100 µG.",ENVASE CON INHALADOR  CON 200 DOSIS DE100 MICROGRAMO,PIH:798,salbutamol,90,
010.000.0431.00,"SALBUTAMOL Ó SULFATO  DE SALBUTAMOL DE 2 MG/5 ML, JARABE,  ENVASE CON 60 ML.",ENVASE CON 60 ML,PIH:798,salbutamol,90,
010.000.1272.00,"SENÓSIDOS    A-B     DE    CONCENTRADO   DE    SEN    DESECADOS    187    MG (NORMALIZADO A 8.6 MG), TABLETA, ENVASE CON 20 TABLETAS.",20 TABLETAS,CIEL:83809,sennosides,,
010.000.1270.00,"SENÓSIDOS  A-B  DE CONCENTRADO DE SEN EQUIVALENTE A 200 MG/100 ML, SOLUCIÓN ORAL, ENVASE CON 75 ML.",ENVASE CON 75 ML,CIEL:83809,sennosides,,
030.000.0011.00,"SUCEDÁNEO   DE   LECHE   HUMANA   DE   TÉRMINO   DE   KCAL   509-528/100G, LÍPIDOS 25.80-28.90/100G, PROTEÍNAS  9.50-12.0/100G, HIDRATO DE CARBONO 55.20-57.90/100G, POLVO,  ENVASE  DE LATA  CON 400 A 454 G Y MEDIDA  DE 4.30 A 4.50 G.",ENVASE CON 400 A 454 G,CIEL:5254,,,
010.000.2829.00,"SULFACETAMIDA SÓDICA  DE 0.1 G/ML, SOLUCIÓN  OFTÁLMICA,  ENVASE  CON GOTERO INTEGRAL CON 15 ML.",GOTERO INTEGRAL CON 15 ML,CIEL:84454,sulfacetamide sodium,82,
010.000.1704.00,"SULFATO  FERROSO  HEPTAHIDRATADO DE 125 MG / ML, EQUIVALENTE A 25 MG/ML DE HIERRO ELEMENTAL,  SOLUCIÓN,  ENVASE GOTERO CON 15 ML.",ENVASE GOTERO CON 15 ML,PIH:256,Ferrous sulfate,,
010.000.1703.00,"SULFATO FERROSO DESECADO  DE CADA TABLETA CONTIENE: SULFATO FERROSO  DESECADO  APROXIMADAMENTE 200 MG EQUIVALENTE A 60.27 MG DE HIERRO ELEMENTAL,  TABLETA, ENVASE CON 30 TABLETAS.",30 TABLETAS,CIEL:76342,ferrous sulfate,87,
010.000.2542.00,"TELMISARTÁN - HIDROCLOROTIAZIDA DE 80.0 MG/12.5 MG, TABLETA, ENVASE CON 14 TABLETAS.",ENVASE CON 14 TABLETAS.,CIEL:104843,,,
010.000.5075.00,"TEOFILINA   ANHIDRA   DE  533  MG/100   ML,  ELÍXIR,  ENVASE   CON  450  ML  Y DOSIFICADOR.",ENVASE CON 450 ML,CIEL:84950,THEOPHYLLINE ANHYDROUS,,
010.000.0437.00,"TEOFILINA  ANHIDRA  DE  100  MG.,  COMPRIMIDO  Ó TABLETA  O CÁPSULA  DE LIBERACIÓN  PROLONGADA, ENVASE  CON  20 COMPRIMIDOS O TABLETAS  O CÁPSULAS  DE LIBERACIÓN  PROLONGADA.",20 COMPRIMIDOS Ó TABLETAS Ó CÁPSULAS  DE LIBERACIÓN PROLONGADA,CIEL:84950,THEOPHYLLINE ANHYDROUS,,
010.000.0433.00,"TERBUTALINA, SULFATO DE DE 5 MG, TABLETA, ENVASE CON 20 TABLETAS.",20 TABLETAS,CIEL:84826,terbutaline,91,
010.000.1981.00,"TETRACICLINA, CLORHIDRATO DE DE 250 MG, TABLETA O CÁPSULA,  ENVASE CON 10 TABLETAS O CÁPSULAS.",10 TABLETAS O CÁPSULAS,CIEL:84893,tetracycline,83,
010.000.2263.00,"TIOTROPIO  MONOHIDRATADO, BROMURO  DE DE  18 µG,  CÁPSULA,  ENVASE CON 30 CÁPSULAS  (REPUESTO).",ENVASE CON 30 CÁPSULAS (REPUESTO).,CIEL:85157,tiotropium,,
010.000.2262.00,"TIOTROPIO  MONOHIDRATADO, BROMURO  DE DE  18 µG,  CÁPSULA,  ENVASE CON 30 CÁPSULAS  Y DISPOSITIVO  INHALADOR.",ENVASE CON 30 CÁPSULAS Y DISPOSITIVO INHALADOR.,CIEL:85157,tiotropium,,
010.000.1903.00,"TRIMETOPRIMA  -  SULFAMETOXAZOL  DE  80  MG/400   MG,   COMPRIMIDO   O TABLETA, ENVASE CON 20 COMPRIMIDOS O TABLETAS.",20 TABLETAS O COMPRIMIDOS,CIEL:105281,,,
010.000.1904.00,"TRIMETOPRIMA -  SULFAMETOXAZOL DE  40  MG/200  MG/5  ML,  SUSPENSIÓN ORAL, ENVASE CON 120 ML Y DOSIFICADOR.",ENVASE CON 120 ML,CIEL:105281,,,
010.000.0591.00,"TRINITRATO  DE  GLICERILO  DE  0.8  MG,  CÁPSULA  O TABLETA  MASTICABLE, ENVASE CON 24 CÁPSULAS  O TABLETAS MASTICABLES.",24 CÁPSULAS  O TABLETAS,CIEL:80704,Nitroglycerin,,
010.000.2630.00,"VALPROATO SEMISÓDICO (ÁCIDO VALPROICO) DE 500 MG, TABLETA DE LIBERACIÓN  PROLONGADA, ENVASE CON 30 TABLETAS DE LIBERACIÓN PROLONGADA.",30 TABLETAS,CIEL:84114,,,
010.000.2715.00,VITAMINA E GRAGEA O CÁPSULA DE GELATINA 400 MG,ENVASE CON 99 Ó 100 GRAGEAS O CAPSULAS,CIEL:86347,,,
010.000.4376.00,"VITAMINAS (POLIVITAMINAS) Y MINERALES  DE VITAMINA B1, B2, B6, B12, NIACINAMIDA, E, A, D3,  ÁCIDO  PANTOTÉNICO, SULFATO  FERROSO,  COBRE, MAGNESIO,    ZINC,    TABLETA,    CÁPSULA    O   GRAGEA,    ENVASE    CON    30 TABLETAS,  CÁPSULAS  O GRAGEAS.","30 TABLETAS, CÁPSULAS  O GRAGEAS",PIH:461,multivitamin,,
010.000.1098.00,"VITAMINAS A, C Y D DE PALMITATO DE RETINOL 7000 A 9000 UI, ÁCIDO ASCÓRBICO  80 A 125 MG, COLECALCIFEROL 1400 A 1800 UI/ML.,  SOLUCIÓN, ENVASE CON 15 ML.",ENVASE CON 15 ML,PIH:461,multivitamin,,
010.000.2801.00,ZINC Y FENILEFRINA  SOLUCIÓN OFTÁLMICA  2.5 MG/1.2 MG/ ML,ENVASE CON GOTERO INTEGRAL CON 15 ML.,CIEL:105169,,,
