,code,name_es,packaging,concept,search term,score
1,600160154,ACEITE MINERAL PARA USO EXTERNO,FRASCO CON 250 ML,CIEL:79912,"mineral oil, light",
2,010.000.0624.00,"ACENOCUMAROL DE 4 MG, TABLETA, ENVASE CON 20 TABLETAS.",20 TABLETAS,CIEL:70105,acenocoumarol,96
3,010.000.0624.01,"ACENOCUMAROL DE 4 MG, TABLETA, ENVASE CON 30 TABLETAS.",30 TABLETAS,CIEL:70105,acenocoumarol,96
7,010.000.1711.00,"ÁCIDO FÓLICO DE 0.4 MG, TABLETA, ENVASE CON 90 TABLETAS.",90 TABLETAS,CIEL:76613,folic acid,80
8,010.000.1700.00,"ÁCIDO FÓLICO DE 4 MG, TABLETA, ENVASE CON 90 TABLETAS.",90 TABLETAS,CIEL:76613,folic acid,80
9,010.000.1706.00,"ÁCIDO FÓLICO DE 5 MG, TABLETA, ENVASE CON 20 TABLETAS.",20 TABLETAS,CIEL:76613,folic acid,80
10,010.000.1706.01,"ÁCIDO FÓLICO DE 5 MG, TABLETA, ENVASE CON 92 TABLETAS.",92 TABLETAS,CIEL:76613,folic acid,80
11,010.000.2620.00,"ÁCIDO VALPROICO  DE 250 MG, CÁPSULA, ENVASE CON 60 CÁPSULAS.",60 CÁPSULAS,CIEL:86052,valproic acid,89
12,010.000.5132.00,ALANTOÍNA  ALQUITRÁN  DE HULLA Y CLIOQUINOL  CREMA 0.2 G/100 G/ 5 G/100 G Y 3 G/100 G,ENVASE CON 60 G.,CIEL:103349,allantoin / coal tar,
13,010.000.0831.00,"ALANTOÍNA  Y ALQUITRÁN  DE HULLA DE 20.0 MG / 9.4 MG / ML, SUSPENSIÓN DÉRMICA, ENVASE CON 120 ML.",ENVASE CON 120 ML,CIEL:103349,,
17,010.000.2172.00,"ALCOHOL  POLIVINÍLICO  DE 14 MG/ML,  SOLUCIÓN  OFTÁLMICA,  ENVASE  CON GOTERO INTEGRAL CON 15 ML.",GOTERO INTEGRAL CON 15 ML,CIEL:82315,polyvinyl alcohol,83
18,060.066.0773,ALCOHOL DESNATURALIZADO,ENVASE CON 20 L.,CIEL:70468,alcohols,93
19,060.066.0039,ALCOHOL DESNATURALIZADO. ENVASE CON 1 LITRO,ENVASE CON 1 L.,CIEL:70468,alcohols,93
25,010.000.2462.00,"AMBROXOL,   CLORHIDRATO  DE  DE  30  MG,  COMPRIMIDO, ENVASE  CON  20 COMPRIMIDOS.",20 COMPRIMIDOS,CIEL:71028,ambroxol,100
26,010.000.2463.00,"AMBROXOL,  CLORHIDRATO DE DE 300 MG/100  ML, SOLUCIÓN,  ENVASE  CON 120 ML Y DOSIFICADOR.",ENVASE CON 120 ML,CIEL:71028,ambroxol,100
27,010.000.0426.00,"AMINOFILINA   DE  250  MG/10  ML,  SOLUCIÓN   INYECTABLE,   ENVASE   CON  5 AMPOLLETAS DE 10 ML.",5 AMPOLLETAS DE 10 ML,CIEL:71101,,
48,010.000.2433.00,BENZONATATO PERLA CADA PERLA CONTIENE BENZONATATO 100 MG,ENVASE CON 20 PERLAS,CIEL:72053,benzonatate,
49,010.000.1263.00,"BISMUTO,    SUBSALICILATO   DE   DE   1.750   G/100ML,    SUSPENSIÓN    ORAL, ENVASE CON 240 ML.",ENVASE CON 240 ML,CIEL:72241,BISMUTH SUBSALICYLATE,-
50,010.000.1096.00,"BROMOCRIPTINA,   MESILATO    DE   (GT5)   DE   CADA   TABLETA    CONTIENE: MESILATO  DE BROMOCRIPTINA EQUIVALENTE A 2.5 MG DE BROMOCRIPTINA., TABLETA, ENVASE CON 14 TABLETAS.",14 TABLETAS,CIEL:72411,bromocriptine,92
51,010.000.0113.00,"BUTILHIOSCINA - METAMIZOL  GRAGEA 10 MG/ 250 MG,",ENVASE CON 36 GRAGEAS,CIEL:431,Hyoscine butylbromide,
52,010.000.2146.00,BUTILHIOSCINA - METAMIZOL  SOLUCIÓN INYECTABLE  20 MG/2.5 G/5 ML,ENVASE CON 5 AMPOLLETAS DE 5 ML.,CIEL:431,Hyoscine butylbromide,
53,010.000.2146.00,"BUTILHIOSCINA (N BUTILBROMURO DE HIOSCINA)  - METAMIZOL)  DE 20 MG / 2.5 G / 5 ML, SOLUCIÓN INYECTABLE,  ENVASE CON 5 AMPOLLETAS DE 5 ML.",5 AMPOLLETAS CON 5 ML,CIEL:431,Hyoscine butylbromide,
54,010.000.1206.00,"BUTILHIOSCINA, BROMURO  DE  O BUTILBROMURO DE  HIOSCINA  DE  10  MG, GRAGEA O TABLETA, ENVASE CON 10 GRAGEA O TABLETAS.",10 GRAGEAS O TABLETAS,CIEL:431,Hyoscine butylbromide,
55,010.000.1207.00,"BUTILHIOSCINA, BROMURO  DE  Ó BUTILBROMURO DE  HIOSCINA  DE  20  MG, SOLUCIÓN INYECTABLE,  ENVASE CON 3 AMPOLLETAS DE 1 ML.",3 AMPOLLETAS CON 1.0 ML,CIEL:431,Hyoscine butylbromide,
56,1006,CALCIO COMPRIMIDO EFERVESCENTE CADA COMPRIMIDO CONTIENE: LACTATO GLUCONATO DE CALCIO 2.94 G CARBONATO DE CALCIO 300 MG EQUIVALENTE A 500 MG DE CALCIO IONIZABLE. ,12 comprimidos,CIEL:72660,CALCIUM CARBONATE,
59,010.000.2248.00,CINITAPRIDA  GRANULADO  1 MG 30 SOBRES,ENVASE,CIEL:73429,cinitapride,
60,010.000.2247.00,"CINITAPRIDA,   BITARTRATO   DE  DE  1  MG,  COMPRIMIDO,  ENVASE   CON  25 COMPRIMIDOS.",25 COMPRIMIDOS,CIEL:73429,cinitapride,91
61,010.000.2248.00,"CINITAPRIDA,   BITARTRATO   DE  DE  1  MG,  GRANULADO,   ENVASE   CON  30 SOBRES.",30 SOBRES,CIEL:73429,cinitapride,91
62,010.000.2249.00,"CINITAPRIDA,  BITARTRATO  DE DE 20 MG/100  ML, SOLUCIÓN  ORAL,  ENVASE CON 120 ML (1 MG/5 ML) Y CUCHARITA  DOSIFICADORA.",ENVASE CON 120 ML Y CUCHARITA DOSIFICADORA,CIEL:73429,cinitapride,91
64,010.000.1208.00,CISAPRIDA  SUSPENSIÓN  CADA 100 ML CONTIENEN:  CISAPRIDA  100 MG,ENVASE CON 60 ML Y DOSIFICADOR DE 5 ML,CIEL:73453,cisapride,
65,010.000.2147.00,CISAPRIDA  TABLETA 10 MG,CAJA CON 30 TABLETAS,CIEL:73453,cisapride,
66,010.000.1209.00,CISAPRIDA  TABLETA CADA TABLETA CONTIENE:  CISAPRIDA  5 MG .,ENVASE CON 30 TABLETAS.,CIEL:73453,cisapride,
67,010.000.5487.00,"CITALOPRAM,  BROMHIDRATO  DE  DE  20  MG,  TABLETA,   ENVASE   CON  14 TABLETAS.",14 TABLETAS,CIEL:73461,citalopram,100
68,010.000.5487.01,"CITALOPRAM,  BROMHIDRATO  DE  DE  20  MG,  TABLETA,   ENVASE   CON  28 TABLETAS.",28 TABLETAS,CIEL:73461,citalopram,100
70,010.000.2133.00,"CLINDAMICINA, CLORHIDRATO DE  DE  300  MG,  CÁPSULA,  ENVASE  CON  16 CÁPSULAS.",16 CÁPSULAS,CIEL:73546,clindamycin,87
71,010.000.0872.00,"CLIOQUINOL  DE 30 MG / G, CREMA, ENVASE CON 20 G.",ENVASE CON 20 G,CIEL:73560,clioquinol,100
75,010.000.0402.00,"CLORFENAMINA,  MALEATO   DE   DE   4.0   MG,   TABLETA,   ENVASE   CON   20 TABLETAS.",20 TABLETAS,CIEL:913,chlorphenamine,77
76,010.000.2142.00,"CLORFENAMINA,  MALEATO   DE  DE  10  MG  /  ML,  SOLUCIÓN   INYECTABLE, ENVASE CON 5 AMPOLLETAS CON 1 ML.",5 AMPOLLETAS,CIEL:913,chlorphenamine,77
77,010.000.0408.00,"CLORFENAMINA, MALEATO DE DE 0.5 MG/ML, JARABE, ENVASE CON 60 ML.",ENVASE CON 60 ML,CIEL:913,chlorphenamine,77
79,010.000.0561.00,"CLORTALIDONA (GT3) DE 50 MG, TABLETA, ENVASE CON 20 TABLETAS.",ENVASE CON 20 TABLETAS.,CIEL:73338,chlorthalidone,85
80,010.000.3409.00,"COLCHICINA  DE 1 MG, TABLETA, ENVASE CON 30 TABLETAS.",30 TABLETAS,CIEL:73702,colchicine,90
83,010.000.0464.00,"CROMOGLICATO DE SODIO  DE 560/ 5 MG, SUSPENSIÓN  AEROSOL,  ENVASE CON ESPACIADOR  PARA 112 DOSIS DE 5 MG.",ENVASE CON 16 G PARA 112 INHALACIONES,CIEL:74044,cromoglycate,83
85,010.000.3505.00,"DESOGESTREL Y ETINILESTRADIOL DE 0.15 MG/0.03  MG,  TABLETA,  ENVASE CON 21 TABLETAS.",21 TABLETAS,CIEL:104421,,
86,010.000.3508.00,"DESOGESTREL Y ETINILESTRADIOL DE 0.15 MG/0.03  MG,  TABLETA,  ENVASE CON 28 TABLETAS (21 CON HORMONALES Y 7 SIN HORMONALES).",28 TABLETAS (21 CON HORMONALES Y 7 SIN HORMONALES),CIEL:104421,,
87,010.000.2431.00,DEXTROMETORFANO JARABE 300 MG.,ENVASE CON 60 ML Y DOSIFICADOR,CIEL:74666,dextromethorphan,84
90,010.000.1927.00,"DICLOXACILINA SÓDICA  DE 250 MG / 5 ML, SUSPENSIÓN  ORAL, ENVASE CON POLVO PARA 60 ML Y DOSIFICADOR.",ENVASE PARA 60 ML,CIEL:74794,DICLOXACILLIN SODIUM,
91,010.000.1926.00,"DICLOXACILINA SÓDICA  DE 500 MG, CÁPSULA  O COMPRIMIDO, ENVASE  CON 20 CÁPSULAS  O COMPRIMIDOS.",20 CÁPSULAS  O COMPRIMIDOS,CIEL:74794,DICLOXACILLIN SODIUM,
95,010.000.3111.00,"DIFENIDOL,    CLORHIDRATO  DE   DE   25   MG,   TABLETA,   ENVASE   CON   30 TABLETAS.",30 TABLETAS,CIEL:75020,diphenidol,84
96,010.000.3112.00,"DIFENIDOL,   CLORHIDRATO  DE  DE  40  MG/  2  ML,  SOLUCIÓN   INYECTABLE, ENVASE CON 2 AMPOLLETAS CON 2 ML.",ENVASE CON 2 AMPOLLETAS CON 2 ML.,CIEL:75020,diphenidol,84
100,010.000.2196.00,"DIMENHIDRINATO DE 50 MG/ML,  SOLUCIÓN  INYECTABLE,  ENVASE  CON UNA AMPOLLETA  DE 1 ML.",AMPOLLETA  CON 1 ML,CIEL:74935,dimenhydrinate,86
101,010.000.1941.00,"DOXICICLINA,  HICLATO  DE DE 50 MG, CÁPSULA  O TABLETA,  ENVASE  CON 28 CÁPSULAS  O TABLETAS.",28 CÁPSULAS  O TABLETAS,CIEL:75224,,
102,010.000.1940.00,"DOXICICLINA,  HICLATO DE DE 100 MG, CÁPSULA O TABLETA, ENVASE CON 10 CÁPSULAS  O TABLETAS.",10 CÁPSULAS  O TABLETAS,CIEL:75224,,
103,010.000.0611.00,"EPINEFRINA  DE  CADA  AMPOLLETA  CONTIENE:  EPINEFRINA  1 MG  (1:1  000), SOLUCIÓN INYECTABLE,  ENVASE CON 50 AMPOLLETAS CON 1 ML.",50 AMPOLLETAS DE 1.0 ML,CIEL:75744,epinephrine,76
104,010.000.1972.00,"ERITROMICINA,  ESTEARATO   DE  DE  250  MG  /  5  ML,  SUSPENSIÓN   ORAL, ENVASE CON POLVO PARA 100 ML Y DOSIFICADOR.",ENVASE PARA 100 ML,CIEL:75842,erythromycin,75
105,010.000.1971.00,"ERITROMICINA, ESTEARATO  DE DE 500 MG,  CÁPSULA  O TABLETA,  ENVASE CON 20 CÁPSULAS  O TABLETAS.",20 CÁPSULAS  O TABLETAS,CIEL:75842,erythromycin,75
111,010.000.1506.00,ESTRÓGENOS CONJUGADOS CREMA VAGINAL 0.625 MG/ G,ENVASE CON 43 G. Y APLICADOR,CIEL:75929,"estrogens, conjugated (usp)",
112,010.000.1489.00,"ESTRÓGENOS CONJUGADOS DE ORIGEN  VEGETAL  DE 0.625 MG, GRAGEA  O TABLETA, ENVASE CON 42 GRAGEAS O TABLETAS.",42 GRAGEAS O TABLETAS,CIEL:75929,"estrogens, conjugated (usp)",77
113,010.000.1501.00,"ESTROGENOS CONJUGADOS ORIGEN NATURAL, GRAGEAS DE .625 MG",ENVASE CON 42 GRAGEAS O TABLETAS,CIEL:104606,"estrogens, conjugated (usp) / estrone",
115,010.000.3510.00,"ETONOGESTREL  DE   68   MG,   IMPLANTE,   ENVASE   CON   UN   IMPLANTE   Y APLICADOR.",IMPLANTE Y APLICADOR.,CIEL:76022,ETONOGESTREL,
116,010.000.4025.00,"EZETIMIBA-SIMVASTATINA DE 10 MG/ 20 MG, COMPRIMIDO, ENVASE  CON 14 COMPRIMIDOS.",ENVASE CON 14 COMPRIMIDOS.,CIEL:104633,,
117,010.000.2114.00,FELODIPINO  TABLETA DE LIBERACIÓN  PROLONGADA 5 MG,ENVASE CON 10 TABLETAS,CIEL:76211,felodipine,71
118,010.000.2331.00,FENAZOPIRIDINA TABLETA 100 MG.,ENVASE CON 20 TABLETAS.,CIEL:81909,phenazopyridine,
120,010.000.2611.00,"FENITOÍNA  DE  37.5  MG/5  ML,  SUSPENSIÓN   ORAL,  ENVASE  CON  120  ML  Y VASITO DOSIFICADOR DE 5 ML.",ENVASE CON 120 ML Y DOSIFICADOR DE 5 ML,CIEL:82023,,
126,010.000.0811.00,FLUOCINOLONA ACETONIDO  DE CREMA 0.1 MG/G,ENVASE CON 20 GRAMOS,CIEL:76515,fluocinolone acetonide,91
137,010.000.3607.00,"GLUCOSA  ANHIDRA  DE CADA  100 ML CONTIENEN:  GLUCOSA  ANHIDRA  50 G EQUIVALENTE A 50.0 G DE GLUCOSA.  CONTIENE:  GLUCOSA  25 G, SOLUCIÓN INYECTABLE  AL 50 %, ENVASE CON 50 ML.",ENVASE CON 50 ML,CIEL:77054,,
138,010.000.4201.00,HIDRALAZINA     SOLUCIÓN     INYECTABLE     CADA     AMPOLLETA     CONTIENE: CLORHIDRATO DE HIDRALAZINA  10 MG.,5 AMPOLLETAS CON 1.0 ML,CIEL:77675,hydralazine,
139,010.000.0570.00,"HIDRALAZINA,  CLORHIDRATO  DE  DE  10  MG,  TABLETA,   ENVASE   CON  20 TABLETAS.",20 TABLETAS,CIEL:77675,hydralazine,82
140,010.000.2116.00,"HIDRALAZINA, CLORHIDRATO DE DE CADA AMPOLLETA  CONTIENE: CLORHIDRATO DE HIDRALAZINA  10 MG / ML, SOLUCIÓN INYECTABLE,  ENVASE CON 5 AMPOLLETAS CON 1 ML.",5 AMPOLLETAS CON 1.0 ML,CIEL:77675,hydralazine,82
141,010.000.4201.00,"HIDRALAZINA, CLORHIDRATO DE DE CADA AMPOLLETA  CONTIENE: CLORHIDRATO DE HIDRALAZINA  20 MG / ML, SOLUCIÓN INYECTABLE,  ENVASE CON 5 AMPOLLETAS CON 1 ML.",5 AMPOLLETAS CON 1.0 ML,CIEL:77675,hydralazine,82
143,010.000.0813.00,"HIDROCORTISONA, 17-BUTIRATO  DE DE 1 MG / G, CREMA, ENVASE CON 15 G.",ENVASE CON 15 G,CIEL:77714,hydrocortisone,86
144,010.000.0474.00,"HIDROCORTISONA, SUCCINATO   SÓDICO  DE  DE  100  MG  / 2  ML,  SOLUCIÓN INYECTABLE,  ENVASE  CON 50 FRASCOS  ÁMPULA  Y 50 AMPOLLETAS CON 2 ML DE DILUYENTE.",50 FRASCOS ÁMPULA Y 50 AMPOLLETAS CON2 ML DE DILUYENTE.,CIEL:77714,hydrocortisone,86
145,060.182.1150,"HIDRÒXIDO  DE CALCIO ESTUCHE BASE-CATALIZADOR, PARA SELLAR CAVIDADES DENTALES. DE HIDRÓXIDO DE CALCIO, COMPUESTO AUTOPOLIMERIZABLE,  DOS  PASTAS   SEMILÍQUIDAS,  BASE  13G  Y CATALIZADOR 11GR CON BLOQUE DE PAPEL PARA MEZCLAR,  ESTUCHE  CON JUEGO Y APLICADOR  DESECHABLE",PIEZA,CIEL:72682,calcium hydroxide,
148,010.000.2893.00,"HIPROMELOSA DE  20  MG/ML,  SOLUCIÓN  OFTÁLMICA   AL  2%,  ENVASE  CON GOTERO INTEGRAL CON 15 ML.",ENVASE CON GOTERO INTEGRAL CON 15 ML.,CIEL:77850,hypromellose,78
149,020.000.3833.00,"INMUNOGLOBULINA HUMANA ANTIRRÁBICA DE CADA FRASCO ÁMPULA O AMPOLLETA  CONTIENE:  INMUNOGLOBULINA HUMANA  ANTIRRÁBICA 300  UI, SOLUCIÓN  INYECTABLE,  ENVASE  CON  UN  FRASCO  ÁMPULA  O AMPOLLETA CON 2 ML.",FRASCO ÁMPULA O AMPOLLETA  CON 2 ML,CIEL:77594,human immunoglobulin,72
151,4158,INSULINA GLARGINA SOLUCIÓN INYECTABLE 3.64 MG/ML.,ENVASE CON 5 CARTUCHOS DE VIDRIO CON 3 ML. EN DISPOSITIVO DESECHABLE,CIEL:78064,"insulin, glargine, human",
154,010.000.4157.00,"INSULINA ZINC COMPUESTA  HUMANA (ORIGEN ADN RECOMBINANTE )ACCIÓN INTERMEDIA   DE  100  UI  /  ML,  SUSPENSIÓN   INYECTABLE,   ENVASE  CON  UN FRASCO ÁMPULA CON 10 ML.",UN FRASCO ÁMPULA CON 10 ML,CIEL:78086,"INSULIN, ZINC, HUMAN",
158,010.000.4097.00,"IRBESARTÁN  - HIDROCLOROTIAZIDA DE 150 MG/12.5  MG, TABLETA,  ENVASE CON 28 TABLETAS.",ENVASE CON 28 TABLETAS.,CIEL:104831,,
159,010.000.2024.00,"ISOCONAZOL, NITRATO DE DE 1 G / 100 G, CREMA, ENVASE CON 20 G.",ENVASE CON 20 G,CIEL:78251,isoconazole,95
165,010.000.2018.00,"ITRACONAZOL DE 100 MG, CÁPSULA, ENVASE CON 15 CÁPSULAS.",15 CÁPSULAS,CIEL:78338,itraconazole,96
169,010.000.2504.00,"KETOPROFENO DE 100 MG, CÁPSULA, ENVASE CON 15 CÁPSULAS.",15 CÁPSULAS,CIEL:78479,ketoprofen,95
170,S/C,KETOROLACO TOMETAMINA  TABLETAS DE 10 MG,FRASCO DE 10 TABLETAS CON 10 MG,CIEL:78482,ketorolac tromethamine,73
175,010.000.0264.00,"LIDOCAÍNA  DE 10.0 G / 100 ML, SOLUCIÓN  AL 10%, ENVASE  CON 115 ML CON ATOMIZADOR  MANUAL.",115 ML CON ATOMIZADOR  MANUAL,CIEL:78849,lidocaine,82
176,SIN CLAVE,LIDOCAINA-HIDROCORTISONA UNGÜENTO  50 MG/2.5 MG/1G,ENVASE,CIEL:104859,,
177,010.000.0261.00,"LIDOCAÍNA,    CLORHIDRATO  DE   (GT3)   DE   500   MG   /   50   ML,   SOLUCIÓN INYECTABLE  AL 1%, ENVASE CON 5 FRASCOS ÁMPULA DE 50 ML.",5 FRASCOS ÁMPULA CON 50 ML,CIEL:78849,lidocaine,82
178,010.000.0262.00,"LIDOCAÍNA,  CLORHIDRATO DE DE 1 G / 50 ML, SOLUCIÓN  INYECTABLE  AL 2%, ENVASE CON 5 FRASCOS ÁMPULA CON 50 ML.",5 FRASCOS ÁMPULA CON 50 ML,CIEL:78849,lidocaine,82
181,010.000.0263.00,"LIDOCAÍNA,  CLORHIDRATO DE, GLUCOSA  MONOHIDRATADA DE 100 MG / 2 ML / 150 MG, SOLUCIÓN  INYECTABLE  AL 5%, ENVASE CON 50 AMPOLLETAS CON 2 ML.",50 AMPOLLETAS CON 2 ML,CIEL:104735,,
185,010.000.2144.00,"LORATADINA  DE 10 MG, TABLETA  O GRAGEA,  ENVASE  CON 20 TABLETAS  O GRAGEAS.",20 TABLETAS O GRAGEAS,CIEL:79053,loratadine,90
186,SIN CLAVE,LORATADINA  JARABE 5MG/5ML.,ENVASE,CIEL:79053,loratadine,
187,2520,LOSARTAN GRAGEA 50 MG,GRAGEA,CIEL:79074,losartan,
188,010.000.5359.00,"MAGNESIO,    VALPROATO    DE    DE    600    MG,    TABLETA    DE    LIBERACIÓN PROLONGADA, ENVASE CON 30 TABLETAS.",30 TABLETAS,CIEL:79224,magnesium,82
189,010.000.2622.00,"MAGNESIO,   VALPROATO   DE  (ÁCIDO  VALPROICO)   DE  185.6  MG  /  200  MG, TABLETA CON CUBIERTA ENTÉRICA,  ENVASE CON 40 TABLETAS.",40 TABLETAS,CIEL:79224,magnesium,82
190,010.000.2623.00,"MAGNESIO,  VALPROATO  DE (ÁCIDO  VALPROICO)  DE 186 MG/ML,  SOLUCIÓN, ENVASE CON 40 ML.",ENVASE CON 40 ML,CIEL:79224,magnesium,82
192,010.000.3509.00,"MEDROXIPROGESTERONA, ACETATO  DE, ESTRADIOL,  CIPIONATO  DE DE 25 MG/5  MG/0.5  ML, SUSPENSIÓN  INYECTABLE,  ENVASE  CON UNA AMPOLLETA CON 0.5 ML.",AMPOLLETA  O JERINGA PRELLENADA CON  0.5 ML,CIEL:79494,medroxyprogesterone,89
193,010.000.3423.00,"MELOXICAM  DE 15 MG, TABLETA, ENVASE CON 10 TABLETAS.",ENVASE CON 10 TABLETAS.,CIEL:79532,meloxicam,100
194,060.630.0028,MERCURIO  TRIDESTILADO. QUIMICAMENE PURO. ENVASE CON 250 G.,ENVASE CON 250 G,CIEL:79605,mercury,
195,010.000.0108.00,"METAMIZOL     SÓDICO     DE    500    MG,    COMPRIMIDO,    ENVASE     CON    10 COMPRIMIDOS.",10 COMPRIMIDOS,CIEL:75047,DIPYRONE,
196,010.000.0109.00,"METAMIZOL  SÓDICO  DE 1 G / 2 ML, SOLUCIÓN  INYECTABLE,  ENVASE  CON 3 AMPOLLETAS CON 2 ML.",3 AMPOLLETAS CON 2 ML,CIEL:75047,DIPYRONE,
198,010.000.3444.00,"METOCARBAMOL DE 400 MG, TABLETA, ENVASE CON 30 TABLETAS.",30 TABLETAS,CIEL:79696,methocarbamol,96
206,010.000.1310.00,"METRONIDAZOL,  BENZOILO   DE  DE  250  MG  /  5  ML,  SUSPENSIÓN   ORAL, ENVASE CON 120 ML Y DOSIFICADOR.",ENVASE CON 120 ML,CIEL:79783,METRONIDAZOLE BENZOATE,
209,010.000.4141.00,"MOMETASONA, MONOHIDRATADA FUROATO  DE  (GT18)  DE  0.050  G/100  ML, SUSPENSIÓN    PARA   INHALACIÓN,    ENVASE   NEBULIZADOR  CON   18   ML   Y VÁLVULA DOSIFICADORA (140 NEBULIZACIONES DE 50 µG CADA UNA).",ENVASE NEBULIZADOR CON 18 ML Y VÁLVULA DOSIFICADORA (140 NEBULIZACIONES DE 50 µG CADA UNA).,CIEL:80049,mometasone,90
211,010.000.2804.00,"NAFAZOLINA,    CLORHIDRATO   DE   DE   1   MG/ML,    SOLUCIÓN    OFTÁLMICA, ENVASE CON GOTERO INTEGRAL CON 15 ML.",GOTERO INTEGRAL CON 15 ML,CIEL:80384,naphazoline,76
212,010.000.3419.00,"NAPROXENO  DE 125 MG/ 5 ML, SUSPENSIÓN  ORAL, ENVASE CON 100 ML.",ENVASE CON 100 ML,CIEL:80395,naproxen,94
213,010.000.3407.00,"NAPROXENO  DE 250 MG, TABLETA, ENVASE CON 30 TABLETAS.",30 TABLETAS,CIEL:80395,naproxen,94
214,010.000.2823.00,"NEOMICINA,   SULFATO  DE,  POLIMIXINA   B,  SULFATO  DE  Y  GRAMICIDINA   DE 1.75  MG/5  000  U/25  µG/ML.,  SOLUCIÓN  OFTÁLMICA,   ENVASE  CON  GOTERO INTEGRAL CON 15 ML.",GOTERO INTEGRAL CON 15 ML,CIEL:80514,neomycin,82
220,010.000.2524.00,"NITAZOXANIDA DE 100 MG/5 ML, SUSPENSIÓN  ORAL, ENVASE CON 30 ML.",ENVASE CON 30 ML,CIEL:80675,nitazoxanide,92
221,010.000.2519.00,"NITAZOXANIDA DE 200 MG, TABLETA, ENVASE CON 6 TABLETAS.",6 TABLETAS,CIEL:80675,nitazoxanide,92
222,010.000.1562.00,"NITROFURAL  DE 6 MG, ÓVULO, ENVASE CON 6 ÓVULOS.",6 ÓVULOS,CIEL:80701,nitrofurazone,78
223,010.000.1911.00,"NITROFURANTOÍNA DE 100 MG, CÁPSULA, ENVASE CON 40 CÁPSULAS.",40 CÁPSULAS,CIEL:80696,nitrofurantoin,93
224,010.000.5302.00,"NITROFURANTOÍNA DE 500 MG/100 ML, SUSPENSIÓN  ORAL, ENVASE CON 120 ML (25 MG/5 ML).",ENVASE CON 120 ML,CIEL:80696,nitrofurantoin,93
225,SIN CLAVE,NITROFURANTOINA SUSPENSION  25MG/5ML.,ENVASE,CIEL:80696,nitrofurantoin,
226,010.000.3511.00,"NORELGESTROMINA Y ETINILESTRADIOL DE 6 MG/0.60 MG, PARCHE, ENVASE CON 3 PARCHES.",3 PARCHES,CIEL:104626,ethinyl estradiol / norelgestromin,74
234,010.000.5481.00,"PAROXETINA,  CLORHIDRATO  DE  DE  20  MG,   TABLETA,   ENVASE   CON  10 TABLETAS.",10 TABLETAS,CIEL:81604,paroxetine,90
236,010.000.2138.00,"PIRANTEL,  PAMOATO DE DE 250 MG, TABLETA, ENVASE CON 6 TABLETAS.",6 TABLETAS,CIEL:82898,pyrantel,88
238,010.000.5232.00,"PIRIDOXINA  DE 300 MG, TABLETA, ENVASE CON 10 TABLETAS.",10 TABLETAS,CIEL:82912,pyridoxine,80
239,010.000.3415.00,PIROXICAM  CAPSULA O TABLETA 20 MG.,ENVASE CON 20 CAPSULAS  O TABLETAS.,CIEL:82163,piroxicam,
240,010.000.1271.00,"PLÁNTAGO  PSYLLIUM DE 49.7 G/100 G, POLVO, ENVASE CON 400 G.",ENVASE CON 400 G,CIEL:82862,psyllium,
241,010.000.0901.00,"PODOFILINA,  RESINA  DE DE 250 MG / ML, SOLUCIÓN  DÉRMICA,  ENVASE CON 5 ML.",ENVASE CON 5 ML,CIEL:82228,podophyllin,
242,010.000.2040.00,"PRAZICUANTEL DE 600 MG, TABLETA, ENVASE CON 25 TABLETAS.",25 TABLETAS,CIEL:82416,praziquantel,92
249,010.000.1314.00,QUINFAMIDA  TABLETA 300 MG,ENVASE CON 1 TABLETA,CIEL:83014,quinfamide,71
256,010.000.1272.00,"SENÓSIDOS    A-B     DE    CONCENTRADO   DE    SEN    DESECADOS    187    MG (NORMALIZADO A 8.6 MG), TABLETA, ENVASE CON 20 TABLETAS.",20 TABLETAS,CIEL:83809,sennosides,
257,010.000.1270.00,"SENÓSIDOS  A-B  DE CONCENTRADO DE SEN EQUIVALENTE A 200 MG/100 ML, SOLUCIÓN ORAL, ENVASE CON 75 ML.",ENVASE CON 75 ML,CIEL:83809,sennosides,
259,010.000.2829.00,"SULFACETAMIDA SÓDICA  DE 0.1 G/ML, SOLUCIÓN  OFTÁLMICA,  ENVASE  CON GOTERO INTEGRAL CON 15 ML.",GOTERO INTEGRAL CON 15 ML,CIEL:84454,sulfacetamide sodium,82
262,010.000.2542.00,"TELMISARTÁN - HIDROCLOROTIAZIDA DE 80.0 MG/12.5 MG, TABLETA, ENVASE CON 14 TABLETAS.",ENVASE CON 14 TABLETAS.,CIEL:104843,,
263,010.000.5075.00,"TEOFILINA   ANHIDRA   DE  533  MG/100   ML,  ELÍXIR,  ENVASE   CON  450  ML  Y DOSIFICADOR.",ENVASE CON 450 ML,CIEL:84950,THEOPHYLLINE ANHYDROUS,
264,010.000.0437.00,"TEOFILINA  ANHIDRA  DE  100  MG.,  COMPRIMIDO  Ó TABLETA  O CÁPSULA  DE LIBERACIÓN  PROLONGADA, ENVASE  CON  20 COMPRIMIDOS O TABLETAS  O CÁPSULAS  DE LIBERACIÓN  PROLONGADA.",20 COMPRIMIDOS Ó TABLETAS Ó CÁPSULAS  DE LIBERACIÓN PROLONGADA,CIEL:84950,THEOPHYLLINE ANHYDROUS,
265,010.000.0433.00,"TERBUTALINA, SULFATO DE DE 5 MG, TABLETA, ENVASE CON 20 TABLETAS.",20 TABLETAS,CIEL:84826,terbutaline,91
266,010.000.1981.00,"TETRACICLINA, CLORHIDRATO DE DE 250 MG, TABLETA O CÁPSULA,  ENVASE CON 10 TABLETAS O CÁPSULAS.",10 TABLETAS O CÁPSULAS,CIEL:84893,tetracycline,83
267,010.000.2263.00,"TIOTROPIO  MONOHIDRATADO, BROMURO  DE DE  18 µG,  CÁPSULA,  ENVASE CON 30 CÁPSULAS  (REPUESTO).",ENVASE CON 30 CÁPSULAS (REPUESTO).,CIEL:85157,tiotropium,
268,010.000.2262.00,"TIOTROPIO  MONOHIDRATADO, BROMURO  DE DE  18 µG,  CÁPSULA,  ENVASE CON 30 CÁPSULAS  Y DISPOSITIVO  INHALADOR.",ENVASE CON 30 CÁPSULAS Y DISPOSITIVO INHALADOR.,CIEL:85157,tiotropium,
272,010.000.2630.00,"VALPROATO SEMISÓDICO (ÁCIDO VALPROICO) DE 500 MG, TABLETA DE LIBERACIÓN  PROLONGADA, ENVASE CON 30 TABLETAS DE LIBERACIÓN PROLONGADA.",30 TABLETAS,CIEL:84114,,
273,010.000.2715.00,VITAMINA E GRAGEA O CÁPSULA DE GELATINA 400 MG,ENVASE CON 99 Ó 100 GRAGEAS O CAPSULAS,CIEL:86347,,
276,010.000.2801.00,ZINC Y FENILEFRINA  SOLUCIÓN OFTÁLMICA  2.5 MG/1.2 MG/ ML,ENVASE CON GOTERO INTEGRAL CON 15 ML.,CIEL:105169,,
