"code","name_es","packaging",
"010.000.0624.00","ACENOCUMAROL DE 4 MG, TABLETA, ENVASE CON 20 TABLETAS.","20 TABLETAS","4 MG ACENOCUMAROL, TABLET, CONTAINER WITH 20 TABLETS."
"010.000.0624.01","ACENOCUMAROL DE 4 MG, TABLETA, ENVASE CON 30 TABLETAS.","30 TABLETAS","4 MG ACENOCUMAROL, TABLET, CONTAINER WITH 30 TABLETS."
"010.000.0103.00","ÁCIDO ACETILSALICÍLICO DE 300 MG, TABLETA  SOLUBLE  O EFERVESCENTE, ENVASE CON 20 TABLETAS SOLUBLES  O EFERVESCENTES.","20 TABLETAS SOLUBLES  O EFERVESCENTES","300 MG ACETILSALICÍLIC ACID, SOLUBLE OR EFFERVESCENT TABLET, CONTAINED WITH 20 SOLUBLE TABLETS OR EFFERVESCENTS."
"010.000.0101.00","ÁCIDO ACETILSALICÍLICO DE 500 MG, TABLETA, ENVASE CON 20 TABLETAS.","20 TABLETAS","500 MG ACETILSALICÍLIC ACID, TABLET, CONTAINER WITH 20 TABLETS."
"010.000.2707.00","ÁCIDO ASCÓRBICO  DE 100 MG, TABLETA, ENVASE CON 20 TABLETAS.","20 TABLETAS","100 MG ASCORBIC ACID, TABLET, CONTAINER WITH 20 TABLETS."
"010.000.1711.00","ÁCIDO FÓLICO DE 0.4 MG, TABLETA, ENVASE CON 90 TABLETAS.","90 TABLETAS","0.4 MG FOLLIC ACID, TABLET, CONTAINER WITH 90 TABLETS."
"010.000.1700.00","ÁCIDO FÓLICO DE 4 MG, TABLETA, ENVASE CON 90 TABLETAS.","90 TABLETAS","FOLIC ACID OF 4 MG, TABLET, CONTAINER WITH 90 TABLETS."
"010.000.1706.00","ÁCIDO FÓLICO DE 5 MG, TABLETA, ENVASE CON 20 TABLETAS.","20 TABLETAS","FOLLIC ACID OF 5 MG, TABLET, CONTAINER WITH 20 TABLETS."
"010.000.1706.01","ÁCIDO FÓLICO DE 5 MG, TABLETA, ENVASE CON 92 TABLETAS.","92 TABLETAS","FOLLIC ACID OF 5 MG, TABLET, CONTAINER WITH 92 TABLETS."
"010.000.2620.00","ÁCIDO VALPROICO  DE 250 MG, CÁPSULA, ENVASE CON 60 CÁPSULAS.","60 CÁPSULAS","250 MG VALPROIC ACID, CAPSULE, CONTAINER WITH 60 CAPSULES."
"010.000.0831.00","ALANTOÍNA  Y ALQUITRÁN  DE HULLA DE 20.0 MG / 9.4 MG / ML, SUSPENSIÓN DÉRMICA, ENVASE CON 120 ML.","ENVASE CON 120 ML","ALANTOIN AND TAR OF HULLA OF 20.0 MG / 9.4 MG / ML, DERMAL SUSPENSION, CONTAINER WITH 120 ML."
"010.000.1347.00","ALBENDAZOL  DE 200 MG, TABLETA, ENVASE CON 100 TABLETAS.","100 TABLETAS","ALBENDAZOL OF 200 MG, TABLET, CONTAINER WITH 100 TABLETS."
"010.000.1344.00","ALBENDAZOL  DE 200 MG, TABLETA, ENVASE CON 2 TABLETAS.","2 TABLETAS","ALBENDAZOL OF 200 MG, TABLET, CONTAINER WITH 2 TABLETS."
"010.000.1345.00","ALBENDAZOL  DE 400 MG / 20 ML, SUSPENSIÓN  ORAL, ENVASE CON 20 ML.","ENVASE CON 20 ML","ALBENDAZOL 400 MG / 20 ML, ORAL SUSPENSION, CONTAINER WITH 20 ML."
"010.000.2172.00","ALCOHOL  POLIVINÍLICO  DE 14 MG/ML,  SOLUCIÓN  OFTÁLMICA,  ENVASE  CON GOTERO INTEGRAL CON 15 ML.","GOTERO INTEGRAL CON 15 ML","POLYMILYL ALCOHOL OF 14 MG / ML, OPHTHALMIC SOLUTION, PACKAGING WITH INTEGRAL DRIP WITH 15 ML."
"010.000.0871.00","ALIBOUR (SULFATO  DE COBRE, SULFATO DE ZINC Y ALCANFOR)  DE 177.0 MG
/ 619.5 MG / 26.5 MG / G, POLVO, ENVASE CON 12 SOBRES CON 2.2 G.","12 SOBRES CON 2.2 G","ALIBOUR (COPPER SULFATE, ZINC SULFATE AND ALCANFOR) OF 177.0 MG / 619.5 MG / 26.5 MG / G, POWDER, PACKAGING WITH 12 ENVELOPES WITH 2.2 G."
"010.000.2503.00","ALOPURINOL  DE 100 MG, TABLETA, ENVASE CON 20 TABLETAS.","20 TABLETAS","ALOPURINOL 100 MG, TABLET, CONTAINER WITH 20 TABLETS."
"010.000.2503.01","ALOPURINOL  DE 100 MG, TABLETA, ENVASE CON 50 TABLETAS.","50 TABLETAS","ALOPURINOL 100 MG, TABLET, CONTAINER WITH 50 TABLETS."
"010.000.3451.00","ALOPURINOL  DE 300 MG, TABLETA, ENVASE CON 20 TABLETAS.","20 TABLETAS","ALOPURINOL OF 300 MG, TABLET, CONTAINER WITH 20 TABLETS."
"010.000.1223.00","ALUMINIO,  HIDRÓXIDO  DE - MAGNESIO  TRISILICATO  DE DE 200 MG/447.3  MG, TABLETA MASTICABLE,  ENVASE CON 50 TABLETAS MASTICABLES.","50 TABLETAS","ALUMINUM, HYDROXIDE OF - MAGNESIUM TRISILICATO DE 200 MG / 447.3 MG, CHEWABLE TABLET, CONTAINED WITH 50 CHEWABLE TABLETS."
"010.000.1224.00","ALUMINIO,  HIDRÓXIDO  DE - MAGNESIO  TRISILICATO  DE DE 3.7 MG/8.9  G/100
ML, SUSPENSIÓN  ORAL, ENVASE CON 240 ML Y DOSIFICADOR.","ENVASE CON 240 ML","ALUMINUM, HYDROXIDE OF - MAGNESIUM TRISILYCATE OF 3.7 MG / 8.9 G / 100 ML, ORAL SUSPENSION, CONTAINER WITH 240 ML AND DOSING."
"010.000.2462.00","AMBROXOL,   CLORHIDRATO  DE  DE  30  MG,  COMPRIMIDO, ENVASE  CON  20
COMPRIMIDOS.","20 COMPRIMIDOS","AMBROXOL, 30 MG CHLORHYDRATE, COMPRESSED, CONTAINED WITH 20 TABLETS."
"010.000.2463.00","AMBROXOL,  CLORHIDRATO DE DE 300 MG/100  ML, SOLUCIÓN,  ENVASE  CON
120 ML Y DOSIFICADOR.","ENVASE CON 120 ML","AMBROXOL, CHLORHYDRATE OF 300 MG / 100 ML, SOLUTION, CONTAINER WITH 120 ML AND DOSING."
"010.000.0426.00","AMINOFILINA   DE  250  MG/10  ML,  SOLUCIÓN   INYECTABLE,   ENVASE   CON  5
AMPOLLETAS DE 10 ML.","5 AMPOLLETAS DE 10
ML","AMINOFILINA 250 MG / 10 ML, INJECTABLE SOLUTION, CONTAINER WITH 5 AMPOOLLETAS OF 10 ML."
"010.000.2111.00","AMLODIPINO,  BESILATO  DE DE 5 MG, TABLETA  O CÁPSULA,  ENVASE  CON 10
TABLETAS O CÁPSULAS.","10 TABLETAS O CÁPSULAS.","AMLODIPINO, 5 MG BESILATO, TABLET OR CAPSULE, CONTAINED WITH 10 TABLETS OR CAPSULES."
"010.000.2230.00","AMOXICILINA    TRIHIDRATADA  -   ÁCIDO   CLAVULÁNICO  (CLAVULANATO  DE POTASIO) DE 500 MG/125 MG, TABLETA, ENVASE CON 12 TABLETAS.","12 TABLETAS","AMOXICILLIN TRIHYDRATED - CLAVULANIC ACID (POTASSIUM CLAVULANATE) 500 MG / 125 MG, TABLET, CONTAINER WITH 12 TABLETS."
"010.000.2230.01","AMOXICILINA    TRIHIDRATADA  -   ÁCIDO   CLAVULÁNICO  (CLAVULANATO  DE POTASIO) DE 500 MG/125 MG, TABLETA, ENVASE CON 16 TABLETAS.","16 TABLETAS","AMOXICILLIN TRIHYDRATED - CLAVULANIC ACID (POTASSIUM CLAVULANATE) 500 MG / 125 MG, TABLET, CONTAINER WITH 16 TABLETS."
"010.000.2128.00","AMOXICILINA    TRIHIDRATADA   DE   500   MG,   CÁPSULA,    ENVASE    CON   12
CÁPSULAS.","12 CÁPSULAS","AMOXICILLIN TRIHYDRATED 500 MG, CAPSULE, CONTAINER WITH 12 CAPSULES."
"010.000.2128.01","AMOXICILINA    TRIHIDRATADA   DE   500   MG,   CÁPSULA,    ENVASE    CON   15
CÁPSULAS.","15 CÁPSULAS","AMOXICILLIN TRIHYDRATED 500 MG, CAPSULE, PACKAGING WITH 15 CAPSULES."
"010.000.2130.00","AMOXICILINA  SÓDICA - ÁCIDO CLAVULÁNICO (CLAVULANATO DE POTASIO) DE
500 MG/100  MG, SOLUCIÓN  INYECTABLE,  ENVASE  CON UN FRASCO  ÁMPULA CON 10 ML DE DILUYENTE.","ENVASE CON UN FRASO ÁMPULA CON
10 ML","SODIUM AMOXICILLIN - CLAVULANIC ACID (POTASSIUM CLAVULANATE) OF 500 MG / 100 MG, INJECTABLE SOLUTION, CONTAINED WITH A BULK APPLE WITH 10 ML OF DILUENT."
"010.000.2129.00","AMOXICILINA  TRIHIDRATADA - ÁCIDO CLAVULÁNICO (CLAVULANATO DE POTASIO)  DE 1.5 G/375 MG / 60 ML, SUSPENSIÓN  ORAL, ENVASE  CON 60 ML, CADA 5 ML CON 125 MG DE AMOXICILINA  Y 31.25 MG ÁCIDO CLAVULÁNICO.","ENVASE CON 60 ML","TRIHYDRATE AMOXICILLIN - CLAVULANIC ACID (POTASSIUM CLAVULANATE) OF 1.5 G / 375 MG / 60 ML, ORAL SUSPENSION, CONTAINER WITH 60 ML, EVERY 5 ML WITH 125 MG OF AMOXICILLIN AND 31.25 MG A CLAVULANIC ACID."
"010.000.2127.00","AMOXICILINA  TRIHIDRATADA DE 75 G / 75 ML, SUSPENSIÓN  ORAL,  ENVASE CON POLVO PARA 75 ML (500 MG/5 ML).","ENVASE PARA 75 ML","AMOXICILLIN TRIHYDRATED 75 G / 75 ML, ORAL SUSPENSION, PACKAGING WITH DUST FOR 75 ML (500 MG / 5 ML)."
"010.000.1930.00","AMPICILINA  TRIHIDRATADA DE 250 MG / 5 ML, SUSPENSIÓN  ORAL,  ENVASE CON POLVO PARA 60 ML Y DOSIFICADOR.","ENVASE PARA 60 ML","TRIHYDRATED AMPICILLIN 250 MG / 5 ML, ORAL SUSPENSION, CONTAINER WITH POWDER FOR 60 ML AND DOSING."
"010.000.1929.00","AMPICILINA  TRIHIDRATADA DE 500 MG, TABLETA  O CÁPSULA,  ENVASE  CON
20 TABLETAS O CÁPSULAS.","20 TABLETAS O CÁPSULAS","500 MG TRIHYDRATED AMPICILLIN, TABLET OR CAPSULE, CONTAINER WITH 20 TABLETS OR CAPSULES."
"010.000.0801.01","BAÑO  COLOIDE  (HARINA  DE  SOYA  Y POLIVIDONA)  DE 965  MG / 20 MG  / G, POLVO, ENVASE CON DOS SOBRES INDIVIDUALES DE 90 G.","DOS SOBRES CON 90
G","COLOID BATH (SOYA AND POLIVIDONE FLOUR) OF 965 MG / 20 MG / G, POWDER, CONTAINER WITH TWO INDIVIDUAL ENVELOPES OF 90 G."
"010.000.0801.00","BAÑO  COLOIDE  (HARINA  DE  SOYA  Y POLIVIDONA)  DE 965  MG / 20 MG  / G, POLVO, ENVASE CON UN SOBRE INDIVIDUAL  DE 90 G.","UN SOBRE CON 90 G","COLOID BATH (SOYA AND POLIVIDONE FLOUR) OF 965 MG / 20 MG / G, POWDER, CONTAINER WITH AN INDIVIDUAL ENVELOPE OF 90 G."
"010.000.0477.00","BECLOMETASONA, DIPROPIONATO DE  10  MG,  SUSPENSIÓN   EN  AEROSOL, ENVASE CON INHALADOR  CON 200 DOSIS DE 50 µG.","ENVASE CON INHALADOR  CON 200
DOSIS DE50
MICROGRAMO","BECLOMETASONE, 10 MG DIPROPIONATE, SUSPENSION IN AEROSOL, CONTAINER WITH INHALER WITH 200 DOSES OF 50 μG."
"010.000.2508.00","BECLOMETASONA, DIPROPIONATO DE DE 50 MG, SUSPENSIÓN  EN AEROSOL, ENVASE CON INHALADOR  CON 200 DOSIS DE 250 µG.","INHALADOR  CON 200
DOSIS DE  250
MICROGRAMO","BECLOMETASONA, DIPROPIONATO DE 50 MG, SUSPENSION IN AEROSOL, CONTAINER WITH INHALER WITH 200 DOSES OF 250 μG."
"010.000.0861.00","BENCILO,  BENZOATO  DE DE 300 MG / ML, EMULSIÓN  DÉRMICA,  ENVASE CON
120 ML.","ENVASE CON 120 ML","BENCILO, BENZOATE OF 300 MG / ML, DERMAL EMULSION, CONTAINER WITH 120 ML."
"010.000.1938.00","BENCILPENICILINA BENZATÍNICA  COMPUESTA  SUSPENSIÓN  INYECTABLE  - BENZATÍNICA  600  000  UI, PROCAÍNICA  300  000  UI, CRISTALINA  300  000  UI - FRASCO ÁMPULA Y DILUYENTE  CON 3 ML","ENVASE CON UN FRASCO ÁMPULA Y DILUYENTE  CON 3 ML.","BENZLINCILIN BENZATINICA COMPOSED INJECTABLE SUSPENSION - BENZATINICA 600 000 IU, PROCAINICA 300 000 IU, CRYSTALLINE 300 000 IU - BOTTLE AMPLE AND DILUENT WITH 3 ML"
"010.000.1923.00","BENCILPENICILINA PROCAÍNICA  CON BENCILPENICILINA CRISTALINA  DE PROCAÍNICA  300  000  UI CRISTALINA  100  000  UI, SUSPENSIÓN  INYECTABLE, ENVASE CON UN FRASCO ÁMPULA Y 2 ML DE DILUYENTE.","FRASCO ÁMPULA Y DILUYENTE  CON 2 ML","PROCLINICAL BENZYLPENICILLIN WITH BENZYLPENICILLIN CRYSTALINE OF PROCAINICA 300 000 IU CRYSTALLINE 100 000 IU, INJECTABLE SUSPENSION, PACKAGING WITH A BULK APPLE AND 2 ML OF DILUENT."
"010.000.1924.00","BENCILPENICILINA PROCAÍNICA  CON BENCILPENICILINA CRISTALINA  DE PROCAÍNICA  600  000  UI CRISTALINA  200  000  UI, SUSPENSIÓN  INYECTABLE, ENVASE CON UN FRASCO ÁMPULA Y 2 ML DE DILUYENTE.","FRASCO ÁMPULA Y DILUYENTE  CON 2 ML","PROCELLINAL BENCILPENICILLIN WITH BENZYLPENICILLIN CRYSTALINE OF PROCAINICA 600 000 IU CRYSTALLINE 200 000 IU, INJECTABLE SUSPENSION, PACKAGING WITH A BULK APPLE AND 2 ML OF DILUENT."
"010.000.2510.00","BENCILPENICILINA PROCAÍNICA  DE 2 400 000 UI, SUSPENSIÓN  INYECTABLE, ENVASE CON UN FRASCO ÁMPULA CON DILUYENTE.","FRASCO ÁMPULA CON DILUYENTE","PROCAINIC BENCILPENICILLIN OF 2.4 400 000 IU, INJECTABLE SUSPENSION, CONTAINED WITH A BULK APPLE WITH DILUENT."
"010.000.1925.00","BENZATINA  BENCILPENICILINA DE  1 200  000  UI,  SUSPENSIÓN  INYECTABLE, ENVASE CON UN FRASCO ÁMPULA Y 5 ML DE DILUYENTE.","ENVASE CON UN FRASCO ÁMPULA Y 5
ML DE DILUYENTE.","BENCILPENICILLIN BENZATINE OF 1 200 000 IU, INJECTABLE SUSPENSION, PACKAGING WITH A BULK APPLE AND 5 ML OF DILUENT."
"010.000.0822.00","BENZOILO,  PERÓXIDO  DE DE 5 G / 100 ML, LOCIÓN DÉRMICA, ENVASE CON 30
ML.","ENVASE CON 30 ML","BENZOILO, PEROXIDE OF 5 G / 100 ML, DERMAL LOTION, CONTAINER WITH 30 ML."
"010.000.0822.01","BENZOILO,  PERÓXIDO  DE DE 5 G / 100 ML, LOCIÓN DÉRMICA, ENVASE CON 50
ML.","ENVASE CON 50 ML","BENZOILO, PEROXIDE OF 5 G / 100 ML, DERMAL LOTION, CONTAINER WITH 50 ML."
"010.000.0822.02","BENZOILO,  PERÓXIDO DE DE 5 G / 100 G, GEL DÉRMICO, ENVASE CON 60 G.","ENVASE CON 60 ML","BENZOILO, PEROXIDE OF 5 G / 100 G, DERMAL GEL, CONTAINER WITH 60 G."
"010.000.1263.00","BISMUTO,    SUBSALICILATO   DE   DE   1.750   G/100ML,    SUSPENSIÓN    ORAL, ENVASE CON 240 ML.","ENVASE CON 240 ML","BISMUTO, SUBSALICILATO DE 1,750 G / 100ML, ORAL SUSPENSION, CONTAINER WITH 240 ML."
"010.000.1096.00","BROMOCRIPTINA,   MESILATO    DE   (GT5)   DE   CADA   TABLETA    CONTIENE: MESILATO  DE BROMOCRIPTINA EQUIVALENTE A 2.5 MG DE BROMOCRIPTINA., TABLETA, ENVASE CON 14 TABLETAS.","14 TABLETAS","BROMOCRIPTINA, MESILATO DE (GT5) OF EACH TABLET CONTAINS: MOSILATO DE BROMOCRIPTINA EQUIVALENT TO 2.5 MG OF BROMOCRIPTINA., TABLET, CONTAINER WITH 14 TABLETS."
"010.000.2146.00","BUTILHIOSCINA (N BUTILBROMURO DE HIOSCINA)  - METAMIZOL)  DE 20 MG /
2.5 G / 5 ML, SOLUCIÓN INYECTABLE,  ENVASE CON 5 AMPOLLETAS DE 5 ML.","5 AMPOLLETAS CON 5
ML","BUTILHIOSCINE (NIOSH HINOCINUM) - 20 MG / 2.5 G / 5 ML, INJECTABLE SOLUTION, CONTAINED WITH 5 5 ML AMPOLLETES."
"010.000.1206.00","BUTILHIOSCINA, BROMURO  DE  O BUTILBROMURO DE  HIOSCINA  DE  10  MG, GRAGEA O TABLETA, ENVASE CON 10 GRAGEA O TABLETAS.","10 GRAGEAS O TABLETAS","BUTILHIOSCINA, BROMIDE OF OR 10 MG HIOSTERINE BUTILBROMIDE, GRAGEA OR TABLET, CONTAINED WITH 10 GRAGEA OR TABLETS."
"010.000.1207.00","BUTILHIOSCINA, BROMURO  DE  Ó BUTILBROMURO DE  HIOSCINA  DE  20  MG, SOLUCIÓN INYECTABLE,  ENVASE CON 3 AMPOLLETAS DE 1 ML.","3 AMPOLLETAS CON
1.0 ML","BUTILHIOSCINA, BROMIDE OF O-BUOBOMIDE OF 20 MG HOSPITAL, INJECTABLE SOLUTION, CONTAINING WITH 3 AMPLES OF 1 ML."
"010.000.0574.00","CAPTOPRIL  DE 25 MG, TABLETA, ENVASE CON 30 TABLETAS.","30 TABLETAS","25 MG CAPTOPRIL, TABLET, CONTAINER WITH 30 TABLETS."
"010.000.2242.00","CARBÓN  ACTIVADO  DE 1 KG,  POLVO,  ENVASE  CON  UN KG. (PARA  USO  EN SERES HUMANOS).","ENVASE CON 1 KG","ACTIVATED CARBON OF 1 KG, POWDER, CONTAINED WITH A KG. (FOR USE IN HUMAN BEINGS)."
"010.000.1939.00","CEFALEXINA  MONOHIDRATADA DE  500  MG,  TABLETA  O CÁPSULA,  ENVASE CON 20 TABLETAS O CÁPSULAS.","ENVASE CON 20
TABLETAS O CÁPSULAS.","500 MG MONOHYDRATED CEPHALEXIN, TABLET OR CAPSULE, CONTAINER WITH 20 TABLETS OR CAPSULES."
"010.000.2247.00","CINITAPRIDA,   BITARTRATO   DE  DE  1  MG,  COMPRIMIDO,  ENVASE   CON  25
COMPRIMIDOS.","25 COMPRIMIDOS","CINITAPRIDA, BITARTRATO OF 1 MG, COMPRESSED, CONTAINED WITH 25 TABLETS."
"010.000.2248.00","CINITAPRIDA,   BITARTRATO   DE  DE  1  MG,  GRANULADO,   ENVASE   CON  30
SOBRES.","30 SOBRES","CINITAPRIDA, BITARTRATO OF 1 MG, GRANULATED, CONTAINER WITH 30 ENVELOPES."
"010.000.2249.00","CINITAPRIDA,  BITARTRATO  DE DE 20 MG/100  ML, SOLUCIÓN  ORAL,  ENVASE CON 120 ML (1 MG/5 ML) Y CUCHARITA  DOSIFICADORA.","ENVASE CON 120 ML Y CUCHARITA DOSIFICADORA","CINITAPRIDA, BITARTRATO OF 20 MG / 100 ML, ORAL SOLUTION, CONTAINER WITH 120 ML (1 MG / 5 ML) AND DOSING BUCKET."
"010.000.4255.00","CIPROFLOXACINO   MONOHIDRATADO,   CLORHIDRATO   DE    DE    250    MG, CÁPSULA O TABLETA, ENVASE CON 8 CÁPSULAS  O TABLETAS.","8 CÁPSULAS  Ó TABLETAS","CIPROFLOXACINO MONOHYDRATE, 250 MG CHLORHYDRATE, CAPSULE OR TABLET, CONTAINER WITH 8 CAPSULES OR TABLETS."
"010.000.5487.00","CITALOPRAM,  BROMHIDRATO  DE  DE  20  MG,  TABLETA,   ENVASE   CON  14
TABLETAS.","14 TABLETAS","CITALOPRAM, BROMHYDRATE OF 20 MG, TABLET, CONTAINER WITH 14 TABLETS."
"010.000.5487.01","CITALOPRAM,  BROMHIDRATO  DE  DE  20  MG,  TABLETA,   ENVASE   CON  28
TABLETAS.","28 TABLETAS","CITALOPRAM, BROMHYDRATE OF 20 MG, TABLET, CONTAINER WITH 28 TABLETS."
"010.000.2132.00","CLARITROMICINA DE 250 MG, TABLETA, ENVASE CON 10 TABLETAS.","10 TABLETAS","CLARITHROMYCIN 250 MG, TABLET, CONTAINER WITH 10 TABLETS."
"010.000.2133.00","CLINDAMICINA, CLORHIDRATO DE  DE  300  MG,  CÁPSULA,  ENVASE  CON  16
CÁPSULAS.","16 CÁPSULAS","CLINDAMYCIN, 300 MG CHLORHYDRATE, CAPSULE, CONTAINER WITH 16 CAPSULES."
"010.000.0872.00","CLIOQUINOL  DE 30 MG / G, CREMA, ENVASE CON 20 G.","ENVASE CON 20 G","CLIOQUINOL 30 MG / G, CREAM, CONTAINER WITH 20 G."
"010.000.1991.00","CLORANFENICOL DE 500 MG, CÁPSULA, ENVASE CON 20 CÁPSULAS.","20 CÁPSULAS","500 MG CHLORANPHENICOL, CAPSULE, CONTAINER WITH 20 CAPSULES."
"010.000.2822.00","CLORANFENICOL LEVÓGIRO  DE  5  MG/G,  UNGÜENTO   OFTÁLMICO,   ENVASE CON 5 G.","ENVASE CON 5 G","CLORANFENICOL LEVÓGIRO OF 5 MG / G, OPHTHALMIC UNGÜENTO, CONTAINING WITH 5 G."
"010.000.2821.00","CLORANFENICOL LEVÓGIRO  DE  5  MG/ML,  SOLUCIÓN  OFTÁLMICA,   ENVASE CON GOTERO INTEGRAL CON 15 ML.","GOTERO INTEGRAL CON 15 ML","CLORANFENICOL LEVÓGIRO OF 5 MG / ML, OPHTHALMIC SOLUTION, PACKAGING WITH INTEGRAL DRIP WITH 15 ML."
"010.000.2175.00","CLORANFENICOL LEVÓGIRO Y SULFACETAMIDA SÓDICA DE 0.5 G/10G/100 ML, SUSPENSIÓN  OFTÁLMICA,  ENVASE CON GOTERO INTEGRAL CON 5 ML.","GOTERO INTEGRAL CON 5 ML","CLORANFENICOL LEVÓGIRO AND SODIUM SULFACETAMIDE 0.5 G / 10G / 100 ML, OPHTHALMIC SUSPENSION, PACKAGING WITH INTEGRAL DRIP WITH 5 ML."
"010.000.0402.00","CLORFENAMINA,  MALEATO   DE   DE   4.0   MG,   TABLETA,   ENVASE   CON   20
TABLETAS.","20 TABLETAS","CHLORFENAMINE, MALEATE OF 4.0 MG, TABLET, CONTAINER WITH 20 TABLETS."
"010.000.2142.00","CLORFENAMINA,  MALEATO   DE  DE  10  MG  /  ML,  SOLUCIÓN   INYECTABLE, ENVASE CON 5 AMPOLLETAS CON 1 ML.","5 AMPOLLETAS","CHLORFENAMINE, MALEATE OF 10 MG / ML, INJECTABLE SOLUTION, CONTAINER WITH 5 AMPOLLETAS WITH 1 ML."
"010.000.0408.00","CLORFENAMINA, MALEATO DE DE 0.5 MG/ML, JARABE, ENVASE CON 60 ML.","ENVASE CON 60 ML","CHLORFENAMINE, MALEATE OF 0.5 MG / ML, SYRUP, CONTAINER WITH 60 ML."
"010.000.2030.00","CLOROQUINA,  FOSFATO   DE   DE   150   MG,   TABLETA,   ENVASE   CON   1,000
TABLETAS.","1000 TABLETAS","CHLOROQUINE, PHOSPHATE OF 150 MG, TABLET, CONTAINER WITH 1,000 TABLETS."
"010.000.0561.00","CLORTALIDONA (GT3) DE 50 MG, TABLETA, ENVASE CON 20 TABLETAS.","ENVASE CON 20
TABLETAS.","CLORTALIDONA (GT3) OF 50 MG, TABLET, CONTAINER WITH 20 TABLETS."
"010.000.3409.00","COLCHICINA  DE 1 MG, TABLETA, ENVASE CON 30 TABLETAS.","30 TABLETAS","1 MG COLCHICINE, TABLET, CONTAINER WITH 30 TABLETS."
"010.000.2714.00","COMPLEJO   B  DE  TIAMINA,   MONONITRATO  DE,  100MG,  PIRIDOXINA   5  MG, CIANOCOBALAMINA 50 µG, TABLETA, COMPRIMIDO  O CÁPSULA,  ENVASE CON
30 TABLETAS,  COMPRIMIDOS O CÁPSULAS.","30 TABLETAS, COMPRIMIDOS O CÁPSULAS","COMPLEX B TIAMINE, MONONITRATO DE, 100MG, PIRIDOXINA 5 MG, CIANOCOBALAMINA 50 μG, TABLET, COMPRESSED OR CAPSULE, CONTAINER WITH 30 TABLETS, COMPRESSES OR CAPSULES."
"010.000.0464.00","CROMOGLICATO DE SODIO  DE 560/ 5 MG, SUSPENSIÓN  AEROSOL,  ENVASE CON ESPACIADOR  PARA 112 DOSIS DE 5 MG.","ENVASE CON 16 G PARA 112
INHALACIONES","SODIUM CROMOGLYCATE OF 560/5 MG, SUSPENSION AEROSOL, CONTAINER WITH SPACER FOR 112 DOSES OF 5 MG."
"010.000.0906.00","DAPSONA DE 100 MG, TABLETA, ENVASE CON 1,000 TABLETAS.","1000 TABLETAS","100 MG DAPSONE, TABLET, CONTAINED WITH 1,000 TABLETS."
"010.000.3505.00","DESOGESTREL Y ETINILESTRADIOL DE 0.15 MG/0.03  MG,  TABLETA,  ENVASE CON 21 TABLETAS.","21 TABLETAS","DESOGESTREL AND ETINILESTRADIOL OF 0.15 MG / 0.03 MG, TABLET, CONTAINER WITH 21 TABLETS."
"010.000.3508.00","DESOGESTREL Y ETINILESTRADIOL DE 0.15 MG/0.03  MG,  TABLETA,  ENVASE CON 28 TABLETAS (21 CON HORMONALES Y 7 SIN HORMONALES).","28 TABLETAS (21 CON HORMONALES Y 7 SIN HORMONALES)","DESOGESTREL AND ETINILESTRADIOL OF 0.15 MG / 0.03 MG, TABLET, CONTAINER WITH 28 TABLETS (21 WITH HORMONES AND 7 WITHOUT HORMONES)."
"010.000.5501.00","DICLOFENACO  SÓDICO  DE  75  MG/3  ML,  SOLUCIÓN   INYECTABLE,   ENVASE CON 2 AMPOLLETAS CON 3 ML.","2 AMPOLLETAS CON 3
ML","SODIUM DICLOFENACO OF 75 MG / 3 ML, INJECTABLE SOLUTION, CONTAINER WITH 2 AMPOLLETAS WITH 3 ML."
"010.000.3417.00","DICLOFENACO SÓDICO  DE  100  MG,  CÁPSULA  O  GRAGEA  DE  LIBERACIÓN PROLONGADA, ENVASE CON 20 CÁPSULAS  O GRAGEAS.","20 CÁPSULAS  O GRAGEAS","100 MG SODIUM DICLOFENACO, PROLONGED RELEASE CAPSULE OR GRAGEA, CONTAINED WITH 20 CAPSULES OR GRAGEAS."
"010.000.1927.00","DICLOXACILINA SÓDICA  DE 250 MG / 5 ML, SUSPENSIÓN  ORAL, ENVASE CON POLVO PARA 60 ML Y DOSIFICADOR.","ENVASE PARA 60 ML","250 MG / 5 ML SODIUM DICLOXACILLIN, ORAL SUSPENSION, CONTAINER WITH 60 ML POWDER AND DOSING."
"010.000.1926.00","DICLOXACILINA SÓDICA  DE 500 MG, CÁPSULA  O COMPRIMIDO, ENVASE  CON
20 CÁPSULAS  O COMPRIMIDOS.","20 CÁPSULAS  O COMPRIMIDOS","500 MG SODIUM DICLOXACILLIN, CAPSULE OR COMPRESSED, CONTAINED WITH 20 CAPSULES OR COMPRESSES."
"010.000.2739.00","DIETA   POLIMÉRICA   A  BASE   DE   CASEINATO   DE   CALCIO   Ó  PROTEÍNAS, GRASAS,   VITAMINAS,   MINERALES.   DE   KCAL   0.99-1.06/100G,  LÍPIDOS   9.0-
15.80/100G,   PROTEÍNAS   15.80-17.50/100G,   HIDRATO   DE   CARBONO   58.50-
68.00/100G,  POLVO, ENVASE CON 400- 454 G SIN SABOR.","ENVASE CON 400 - 454
G CON O SIN SABOR","POLYMERIC DIET BASED ON CALCIUM CASEINATE OR PROTEINS, FATS, VITAMINS, MINERALS. OF KCAL 0.99-1.06 / 100G, LIPIDS 9.0- 15.80 / 100G, PROTEINS 15.80-17.50 / 100G, CARBON HYDRATE 58.50- 68.00 / 100G, POWDER, CONTAINER WITH 400-454 G WITHOUT TASTE."
"010.000.0406.00","DIFENHIDRAMINA,   CLORHIDRATO   DE   DE   100   MG   /   10   ML,   SOLUCIÓN INYECTABLE,  ENVASE CON FRASCO ÁMPULA DE 10 ML.","FRASCO ÁMPULA CON
10 ML.","DIFENHIDRAMINA, 100 MG / 10 ML CHLORHYDRATE, INJECTABLE SOLUTION, PACKAGING WITH BOTTLE OF 10 ML."
"010.000.0405.00","DIFENHIDRAMINA, CLORHIDRATO DE  DE  250  MG/100  ML,  JARABE,  ENVASE CON 60 ML.","ENVASE CON 60 ML","DIFENHIDRAMINA, CHLORHYDRATE OF 250 MG / 100 ML, SYRUP, CONTAINER WITH 60 ML."
"010.000.3111.00","DIFENIDOL,    CLORHIDRATO  DE   DE   25   MG,   TABLETA,   ENVASE   CON   30
TABLETAS.","30 TABLETAS","DIFENIDOL, 25 MG CHLORHYDRATE, TABLET, CONTAINER WITH 30 TABLETS."
"010.000.3112.00","DIFENIDOL,   CLORHIDRATO  DE  DE  40  MG/  2  ML,  SOLUCIÓN   INYECTABLE, ENVASE CON 2 AMPOLLETAS CON 2 ML.","ENVASE CON 2
AMPOLLETAS CON 2
ML.","DIFENIDOL, CHLORHYDRATE OF 40 MG / 2 ML, INJECTABLE SOLUTION, CONTAINER WITH 2 AMPOLLETAS WITH 2 ML."
"010.000.0503.00","DIGOXINA   DE  0.05  MG  /  ML,  ELÍXIR,   ENVASE   CON  60  ML  CON  GOTERO CALIBRADO  DE  1  ML  INTEGRADO  O ADJUNTO  AL  FRASCO  Y LE  SIRVE  DE TAPA.","ENVASE CON 60 ML","DIGOXINA OF 0.05 MG / ML, ELÍXIR, CONTAINER WITH 60 ML WITH 1 ML CALIBRATED DIPPER INTEGRATED OR ATTACHED TO THE BOTTLE AND SERVED BY COVER."
"010.000.0504.00","DIGOXINA   DE  0.5   MG  /  2  ML,   SOLUCIÓN   INYECTABLE,   ENVASE   CON   6
AMPOLLETAS DE 2 ML.","6 AMPOLLETAS DE 2
ML","DIGOXIN 0.5 MG / 2 ML, INJECTABLE SOLUTION, CONTAINING WITH 6 AMPLES OF 2 ML."
"010.000.0502.00","DIGOXINA DE 0.25 MG, TABLETA, ENVASE CON 20 TABLETAS.","20 TABLETAS","DIGOXINA OF 0.25 MG, TABLET, CONTAINER WITH 20 TABLETS."
"010.000.2196.00","DIMENHIDRINATO DE 50 MG/ML,  SOLUCIÓN  INYECTABLE,  ENVASE  CON UNA AMPOLLETA  DE 1 ML.","AMPOLLETA  CON 1 ML","DIMENHYDRINATE 50 MG / ML, INJECTABLE SOLUTION, CONTAINED WITH A 1 ML AMPOLLET"
"010.000.1941.00","DOXICICLINA,  HICLATO  DE DE 50 MG, CÁPSULA  O TABLETA,  ENVASE  CON 28
CÁPSULAS  O TABLETAS.","28 CÁPSULAS  O TABLETAS","DOXICICLINA, 50 MG HICLATO, CAPSULE OR TABLET, CONTAINER WITH 28 CAPSULES OR TABLETS."
"010.000.1940.00","DOXICICLINA,  HICLATO DE DE 100 MG, CÁPSULA O TABLETA, ENVASE CON 10
CÁPSULAS  O TABLETAS.","10 CÁPSULAS  O TABLETAS","DOXICICLINA, 100 MG HICLATO, CAPSULE OR TABLET, CONTAINER WITH 10 CAPSULES OR TABLETS."
"010.000.3623.00","ELECTROLITOS ORALES   DE (GLUCOSA  ANHIDRA  20 G, POTASIO,  CLORURO DE, 1.5 G, SODIO, CLORURO  DE, 3.5 G, CITRATO TRISÓDICO  DIHIDRATADO 2.9
G, POLVO PARA SOLUCIÓN,  ENVASE CON 27.9 G.","ENVASE CON 27.9 G","ORAL ELECTROLYTES (GLUCOSE ANHYDRA 20 G, POTASSIUM, CHLORIDE, 1.5 G, SODIUM, CHLORIDE, 3.5 G, DIHYDRATED TRISODE CITRATE 2.9 G, SOLUTION POWDER, CONTAINER WITH 27.9 G."
"010.000.3622.00","ELECTROLITOS ORALES  DE GLUCOSA  ANHIDRA  13.5 G, POTASIO  CLORURO DE, 1.5 G, SODIO CLORURO  DE, 2.6, CITRATO TRISÓDICO  DIHIDRATADO 2.9 G, POLVO, ENVASE CON 20.5 G.","ENVASE CON 20.5 G","ORAL ELECTROLYTE OF GLUCOSE ANHYDRA 13.5 G, POTASSIUM CHLORIDE OF, 1.5 G, SODIUM CHLORIDE OF, 2.6, TRYODIC CITRATE DIHYDRATED 2.9 G, POWDER, PACKAGING WITH 20.5 G."
"010.000.0611.00","EPINEFRINA  DE  CADA  AMPOLLETA  CONTIENE:  EPINEFRINA  1 MG  (1:1  000), SOLUCIÓN INYECTABLE,  ENVASE CON 50 AMPOLLETAS CON 1 ML.","50 AMPOLLETAS DE
1.0 ML","EPINEPHRINE OF EACH AMPOLLET CONTAINS: EPINEPHRINE 1 MG (1: 1000), INJECTABLE SOLUTION, CONTAINER WITH 50 AMPOLLETAS WITH 1 ML."
"010.000.1972.00","ERITROMICINA,  ESTEARATO   DE  DE  250  MG  /  5  ML,  SUSPENSIÓN   ORAL, ENVASE CON POLVO PARA 100 ML Y DOSIFICADOR.","ENVASE PARA 100 ML","ERYTHROMYCIN, ESTEARATE OF 250 MG / 5 ML, ORAL SUSPENSION, CONTAINER WITH POWDER FOR 100 ML AND DOSING."
"010.000.1971.00","ERITROMICINA, ESTEARATO  DE DE 500 MG,  CÁPSULA  O TABLETA,  ENVASE CON 20 CÁPSULAS  O TABLETAS.","20 CÁPSULAS  O TABLETAS","ERYTHROMYCIN, ESTEARATE OF 500 MG, CAPSULE OR TABLET, CONTAINER WITH 20 CAPSULES OR TABLETS."
"010.000.2156.00","ESPIRONOLACTONA DE 100 MG, TABLETA, ENVASE CON 30 TABLETAS.","30 TABLETAS","100 MG SPIRONOLACTONE, TABLET, CONTAINER WITH 30 TABLETS."
"010.000.2304.00","ESPIRONOLACTONA DE 25 MG, TABLETA, ENVASE CON 20 TABLETAS.","20 TABLETAS","25 MG SPIRONOLACTONE, TABLET, CONTAINER WITH 20 TABLETS."
"010.000.2304.01","ESPIRONOLACTONA DE 25 MG, TABLETA, ENVASE CON 30 TABLETAS.","30 TABLETAS","25 MG SPIRONOLACTONE, TABLET, CONTAINER WITH 30 TABLETS."
"010.000.2403.00","ESTREPTOMICINA, SULFATO  DE  DE  1  G,  SOLUCIÓN  INYECTABLE,   ENVASE CON UN FRASCO ÁMPULA Y DILUYENTE  CON 2 ML.","FRASCO ÁMPULA Y DILUYENTE  CON 2 ML","STREPTOMYCIN, 1 G SULPHATE, INJECTABLE SOLUTION, CONTAINER WITH A BOTTLE AMPLE AND DILUENT WITH 2 ML."
"010.000.1489.00","ESTRÓGENOS CONJUGADOS DE ORIGEN  VEGETAL  DE 0.625 MG, GRAGEA  O TABLETA, ENVASE CON 42 GRAGEAS O TABLETAS.","42 GRAGEAS O TABLETAS","CONJUGATED ESTROGENES OF VEGETABLE ORIGIN OF 0.625 MG, GRAGEA OR TABLET, CONTAINER WITH 42 GRAGEAS OR TABLETS."
"010.000.2405.00","ETAMBUTOL,   CLORHIDRATO  DE  DE  400  MG,  TABLETA,   ENVASE   CON  50
TABLETAS.","50 TABLETAS","ETAMBUTOL, CHLORHYDRATE OF 400 MG, TABLET, CONTAINER WITH 50 TABLETS."
"010.000.3510.00","ETONOGESTREL  DE   68   MG,   IMPLANTE,   ENVASE   CON   UN   IMPLANTE   Y APLICADOR.","IMPLANTE Y APLICADOR.","ETONOGESTREL 68 MG, IMPLANT, CONTAINER WITH AN IMPLANT AND APPLICATOR."
"020.000.3847.00","FABOTERÁPICO  POLIVALENTE  ANTIALACRÁN  DE  CADA   FRASCO   ÁMPULA CON LIOFILIZADO  CONTIENE:  FABOTERÁPICO POLIVALENTE ANTIALACRÁN MODIFICADO   POR  DIGESTIÓN  ENZIMÁTICA   PARA  NEUTRALIZAR 150  DL(50) (1.8 MG) DE VENENO DE ALACRÁN  DEL GÉNERO CENTRUROIDES., SOLUCIÓN INYECTABLE,    ENVASE   CON   UN   FRASCO   ÁMPULA   CON   LIOFILIZADO    Y AMPOLLETA  CON DILUYENTE  DE 5 ML.","FRASCO ÁMPULA CON LIOFILIZADO  Y AMPOLLETA  CON DILUYENTE  DE 5 ML.","FABOTERÁPICO POLIVALENTE ANTIALACRÁN OF EACH BOTTLE AMPULA WITH LIOFILIZADO CONTAINS: FABOTERÁPICO POLIVALENTE ANTIALACRÁN MODIFIED BY ENZYMATIC DIGESTION TO NEUTRALIZE 150 DL (50) (1.8 MG) OF ALACRAN POISON OF THE GENDER CENTRUROIDES., INJECTABLE SOLUTION, PACKAGING WITH A BOTTLE AMPLE WITH LIOFILIZADO AND AMPOLLETA WITH 5 ML DILUENT."
"020.000.3848.00","FABOTERÁPICO  POLIVALENTE  ANTIARÁCNIDO  DE  CADA  FRASCO  ÁMPULA CON  LIOFILIZADO  CONTIENE:  FABOTERÁPICO POLIVALENTE ANTIARÁCNIDO MODIFICADO  POR  DIGESTIÓN  ENZIMÁTICA  PARA  NEUTRALIZAR 6000  DL(50) (180 GLÁNDULAS  DE VENENO  ARÁCNIDO),  SOLUCIÓN  INYECTABLE,  ENVASE CON UN FRASCO  ÁMPULA  CON LIOFILIZADO  Y AMPOLLETA  CON DILUYENTE DE 5 ML.","FRASCO ÁMPULA CON LIOFILIZADO  Y AMPOLLETA  CON DILUYENTE  DE 5 ML.","FABOTERÁPICO POLIVALENTE ANTIARÁCNIDO OF EACH BOTTLE AMPULA WITH LIOFILIZADO CONTAINS: POLYBALIZED ANTIARÁCNIDO FABOTERÁPICO MODIFIED BY ENZYMATIC DIGESTION TO NEUTRALIZE 6000 DL (50) (180 ARENAL POISON GLANDS), INJECTABLE SOLUTION, PACKAGING WITH A BOTTLE AMPULA WITH LIOFILIZADO AND AMPOLLETA WITH DILUYENTE OF 5 ML ."
"020.000.3849.00","FABOTERÁPICO  POLIVALENTE  ANTIVIPERINO  DE  CADA   FRASCO   ÁMPULA CON  LIOFILIZADO   CONTIENE:   FABOTERÁPICO  POLIVALENTE ANTIVIPERINO MODIFICADO  POR  DIGESTIÓN  ENZIMÁTICA  PARA  NEUTRALIZAR NO  MENOS DE 790 DL(50) DE VENENO  DE CROTALUS  BASSILISCUS  Y NO MENOS DE 780
DL(50) DE VENENO  DE BOTHROPS  ASPER.,  SOLUCIÓN  INYECTABLE,  ENVASE CON UN FRASCO  ÁMPULA  CON LIOFILIZADO  Y AMPOLLETA  CON DILUYENTE DE 10 ML.","FRASCO ÁMPULA CON LIOFILIZADO  Y AMPOLLETA  CON DILUYENTE  DE 10 ML.","FIBOTERAPICO ANTIVIPERINO OF EACH BODY AMPULA WITH LIOFILIZADO CONTAINS: FABOTERÁPICO POLIVALENTE ANTIVIPERINO MODIFIED BY ENZYMATIC DIGESTION TO NEUTRALIZE NOT LESS OF 790 DL (50) OF POISON OF CROTALUS BASSILISCUS AND NOT LESS OF 780 DL (50) OF POISON OF BOTHROPS ASPER., SOLUTION INJECTABLE, CONTAINED WITH A BOTTLE APPLE WITH LIOFILIZED AND AMPOLLETA WITH DILUYENTE OF 10 ML."
"020.000.3850.00","FABOTERÁPICO POLIVALENTE ANTICORALILLO DE  CADA  FRASCO  ÁMPULA CON LIOFILIZADO  CONTIENE:  FABOTERÁPICO POLIVALENTE ANTICORALILLO MODIFICADO  POR DIGESTIÓN  ENZIMÁTICA  PARA NEUTRALIZAR 450 DL(50) (5
MG)  DE VENENO  DE MICRURUS  SP.,  SOLUCIÓN  INYECTABLE,  ENVASE  CON UN FRASCO  ÁMPULA  CON LIOFILIZADO  Y AMPOLLETA  CON DILUYENTE  DE 5
ML.","FRASCO ÁMPULA CON LIOFILIZADO  Y AMPOLLETA  CON DILUYENTE  DE 5 ML.","FABOTERÁPICO POLYCALENT ANTICORALILLO OF EACH BOTTLE AMPULA WITH LIOFILIZADO CONTAINS: FABOTERÁPICO POLIVALENTE ANTICORALILLO MODIFIED BY ENZYMATIC DIGESTION TO NEUTRALIZE 450 DL (50) (5 MG) OF VENOM OF MICRURUS SP., SOLUTION INJECTABLE, CONTAINED WITH A BOTTLE AMPULA WITH LIOFILIZADO AND AMPOLLETA WITH DILUYENTE 5 ML."
"010.000.0525.00","FENITOÍNA   SÓDICA   DE  100  MG,  CÁPSULA   O  TABLETA,   ENVASE   CON  50
TABLETAS O CÁPSULAS.","50 TABLETAS O CÁPSULAS","100 MG SODIUM PHENYTOIN, CAPSULE OR TABLET, CONTAINED WITH 50 TABLETS OR CAPSULES."
"010.000.2611.00","FENITOÍNA  DE  37.5  MG/5  ML,  SUSPENSIÓN   ORAL,  ENVASE  CON  120  ML  Y VASITO DOSIFICADOR DE 5 ML.","ENVASE CON 120 ML Y DOSIFICADOR DE 5 ML","PHENYTOIN OF 37.5 MG / 5 ML, ORAL SUSPENSION, CONTAINER WITH 120 ML AND VASITO DOSIFICADOR OF 5 ML."
"010.000.2624.00","FENITOÍNA  SÓDICA  DE 250 MG/5  ML, SOLUCIÓN  INYECTABLE,  ENVASE  CON UNA AMPOLLETA  (250 MG/5 ML).","UNA AMPOLLETA  CON
5 ML","250 MG / 5 ML SODIUM PHENYTOIN, INJECTABLE SOLUTION, CONTAINED WITH AN AMPOLLET (250 MG / 5 ML)."
"010.000.2610.00","FENITOÍNA  SÓDICA DE 30 MG, TABLETA, ENVASE CON 50 TABLETAS.","50 TABLETAS","SODIUM FENITOIN OF 30 MG, TABLET, CONTAINER WITH 50 TABLETS."
"010.000.1732.00","FITOMENADIONA DE  2  MG,  SOLUCIÓN  O  EMULSIÓN  INYECTABLE,   ENVASE CON 3 AMPOLLETAS DE 0.2 ML.","3 AMPOLLETAS CON
0.2 ML","FITOMENADIONA OF 2 MG, SOLUTION OR INJECTABLE EMULSION, CONTAINER WITH 3 AMPLES OF 0.2 ML."
"010.000.1732.01","FITOMENADIONA DE  2  MG,  SOLUCIÓN  O  EMULSIÓN  INYECTABLE,   ENVASE CON 5 AMPOLLETAS DE 0.2 ML.","ENVASE CON 5
AMPOLLETAS DE 0.2
ML.","FITOMENADIONA OF 2 MG, SOLUTION OR INJECTABLE EMULSION, CONTAINED WITH 5 AMPOOLLETAS OF 0.2 ML."
"010.000.4483.00","FLUOXETINA,   CLORHIDRATO DE  DE  20  MG,  CÁPSULA  O TABLETA,  ENVASE CON 14 CÁPSULAS  O TABLETAS.","14 CÁPSULAS  O TABLETAS","FLUOXETINA, 20 MG CHLORHYDRATE, CAPSULE OR TABLET, CONTAINER WITH 14 CAPSULES OR TABLETS."
"010.000.4483.01","FLUOXETINA,   CLORHIDRATO DE  DE  20  MG,  CÁPSULA  O TABLETA,  ENVASE CON 28 CÁPSULAS  O TABLETAS.","28 CÁPSULAS  O TABLETAS","FLUOXETINA, 20 MG CHLORHYDRATE, CAPSULE OR TABLET, CONTAINER WITH 28 CAPSULES OR TABLETS."
"010.000.1701.00","FUMARATO  FERROSO   DE CADA  TABLETA  CONTIENE:  FUMARATO  FERROSO
200 MG EQUIVALENTE A 65.74 MG DE HIERRO ELEMENTAL,  TABLETA, ENVASE CON 50 TABLETAS.","50 TABLETAS","FERROUS FUMARATE OF EACH TABLET CONTAINS: 200 MG FERROUS FUMARATE EQUIVALENT TO 65.74 MG OF ELEMENTAL IRON, TABLET, CONTAINER WITH 50 TABLETS."
"010.000.1702.00","FUMARATO  FERROSO  DE CADA ML CONTIENE:  FUMARATO  FERROSO  29 MG EQUIVALENTE  A  9.53   MG   DE   HIERRO   ELEMENTAL,    SUSPENSIÓN   ORAL, ENVASE CON 120 ML.","ENVASE CON 120 ML",
"010.000.2308.00","FUROSEMIDA   DE  20  MG/2   ML,  SOLUCIÓN   INYECTABLE,   ENVASE   CON   5
AMPOLLETAS CON 2 ML.","5 AMPOLLETAS CON 2
ML",
"010.000.2307.00","FUROSEMIDA  DE 40 MG, TABLETA, ENVASE CON 20 TABLETAS.","20 TABLETAS",
"010.000.1955.00","GENTAMICINA, SULFATO DE DE 20 MG, SOLUCIÓN INYECTABLE,  ENVASE CON AMPOLLETA  CON 2 ML.","AMPOLLETA  CON 2 ML",
"010.000.1954.00","GENTAMICINA, SULFATO DE DE 80 MG, SOLUCIÓN INYECTABLE,  ENVASE CON AMPOLLETA  CON 2 ML.","AMPOLLETA  CON 2 ML",
"010.000.1042.00","GLIBENCLAMIDA DE 5 MG, TABLETA, ENVASE CON 50 TABLETAS.","50 TABLETAS",
"010.000.3607.00","GLUCOSA  ANHIDRA  DE CADA  100 ML CONTIENEN:  GLUCOSA  ANHIDRA  50 G EQUIVALENTE A 50.0 G DE GLUCOSA.  CONTIENE:  GLUCOSA  25 G, SOLUCIÓN INYECTABLE  AL 50 %, ENVASE CON 50 ML.","ENVASE CON 50 ML",
"010.000.0570.00","HIDRALAZINA,  CLORHIDRATO  DE  DE  10  MG,  TABLETA,   ENVASE   CON  20
TABLETAS.","20 TABLETAS",
"010.000.2116.00","HIDRALAZINA, CLORHIDRATO DE DE CADA AMPOLLETA  CONTIENE: CLORHIDRATO DE HIDRALAZINA  10 MG / ML, SOLUCIÓN INYECTABLE,  ENVASE CON 5 AMPOLLETAS CON 1 ML.","5 AMPOLLETAS CON
1.0 ML",
"010.000.4201.00","HIDRALAZINA, CLORHIDRATO DE DE CADA AMPOLLETA  CONTIENE: CLORHIDRATO DE HIDRALAZINA  20 MG / ML, SOLUCIÓN INYECTABLE,  ENVASE CON 5 AMPOLLETAS CON 1 ML.","5 AMPOLLETAS CON
1.0 ML",
"010.000.2301.00","HIDROCLOROTIAZIDA DE 25 MG, TABLETA, ENVASE CON 20 TABLETAS.","20 TABLETAS",
"010.000.0813.00","HIDROCORTISONA, 17-BUTIRATO  DE DE 1 MG / G, CREMA, ENVASE CON 15 G.","ENVASE CON 15 G",
"010.000.0474.00","HIDROCORTISONA, SUCCINATO   SÓDICO  DE  DE  100  MG  / 2  ML,  SOLUCIÓN INYECTABLE,  ENVASE  CON 50 FRASCOS  ÁMPULA  Y 50 AMPOLLETAS CON 2
ML DE DILUYENTE.","50 FRASCOS ÁMPULA Y 50 AMPOLLETAS CON2 ML DE DILUYENTE.",
"020.000.3833.00","INMUNOGLOBULINA HUMANA ANTIRRÁBICA DE CADA FRASCO ÁMPULA O AMPOLLETA  CONTIENE:  INMUNOGLOBULINA HUMANA  ANTIRRÁBICA 300  UI, SOLUCIÓN  INYECTABLE,  ENVASE  CON  UN  FRASCO  ÁMPULA  O AMPOLLETA CON 2 ML.","FRASCO ÁMPULA O AMPOLLETA  CON 2 ML",
"010.000.1051.00","INSULINA  HUMANA  ACCIÓN  RÁPIDA  REGULAR  (ORIGEN  ADN RECOMBINANTE
) DE 100 UI / ML, SOLUCIÓN  INYECTABLE,  ENVASE  CON UN FRASCO  ÁMPULA CON 5 ML.","UN FRASCO ÁMPULA CON 5 ML",
"010.000.1051.01","INSULINA HUMANA ACCIÓN RÁPIDA REGULAR (ORIGEN ADN RECOMBINANTE) DE 100 UI / ML, SOLUCIÓN  INYECTABLE,  ENVASE  CON UN FRASCO  ÁMPULA CON 10 ML.","UN FRASCO ÁMPULA CON 10 ML",
"010.000.1050.01","INSULINA HUMANA ISÓFANA ACCIÓN INTERMEDIA NPH (ORIGEN ADN RECOMBINANTE ) DE 100  UI / ML,  SUSPENSIÓN  INYECTABLE,  ENVASE  CON UN FRASCO ÁMPULA CON 10 ML.","UN FRASCO ÁMPULA CON 10 ML",
"010.000.4157.00","INSULINA ZINC COMPUESTA  HUMANA (ORIGEN ADN RECOMBINANTE )ACCIÓN INTERMEDIA   DE  100  UI  /  ML,  SUSPENSIÓN   INYECTABLE,   ENVASE  CON  UN FRASCO ÁMPULA CON 10 ML.","UN FRASCO ÁMPULA CON 10 ML",
"010.000.1050.00","INSULINA ZINC ISÓFANA HUMANA ACCIÓN INTERMEDIA NPH (ORIGEN ADN RECOMBINANTE ) DE 100  UI / ML,  SUSPENSIÓN  INYECTABLE,  ENVASE  CON UN FRASCO ÁMPULA CON 5 ML.","UN FRASCO ÁMPULA CON 5 ML",
"010.000.2024.00","ISOCONAZOL, NITRATO DE DE 1 G / 100 G, CREMA, ENVASE CON 20 G.","ENVASE CON 20 G",
"010.000.2418.00","ISONIAZIDA   -  RIFAMPICINA-PIRAZINAMIDA  -  CLORHIDRATO  DE  ETAMBUTOL DE 75 MG/150 MG/400 MG/300 MG, TABLETA, ENVASE CON 240 TABLETAS.","240 TABLETAS",
"010.000.2417.00","ISONIAZIDA   Y  RIFAMPICINA   DE  400   MG/300   MG,   TABLETA   RECUBIERTA, ENVASE CON 90 TABLETAS RECUBIERTAS.","90 TABLETAS RECUBIERTAS",
"010.000.2404.00","ISONIAZIDA  DE 100 MG, TABLETA, ENVASE CON 200 TABLETAS.","200 TABLETAS",
"010.000.0592.00","ISOSORBIDA,  DINITRATO  DE DE 5 MG, TABLETA  SUBLINGUAL,  ENVASE  CON
20 TABLETAS SUBLINGUALES.","20 TABLETAS SUBLINGUALES",
"010.000.0593.00","ISOSORBIDA,  DINITRATO DE DE 10 MG, TABLETA, ENVASE CON 20 TABLETAS.","20 TABLETAS",
"010.000.2018.00","ITRACONAZOL DE 100 MG, CÁPSULA, ENVASE CON 15 CÁPSULAS.","15 CÁPSULAS",
"010.000.2016.00","KETOCONAZOL DE 200 MG, TABLETA, ENVASE CON 10 TABLETAS.","10 TABLETAS",
"010.000.2504.00","KETOPROFENO DE 100 MG, CÁPSULA, ENVASE CON 15 CÁPSULAS.","15 CÁPSULAS",
"010.000.3504.00","LEVONORGESTREL  Y   ETINILESTRADIOL  DE   0.15   MG/0.03   MG,   GRAGEA, ENVASE CON 21 GRAGEAS.","21 GRAGEAS",
"010.000.3507.00","LEVONORGESTREL  Y   ETINILESTRADIOL  DE   0.15   MG/0.03   MG,   GRAGEA, ENVASE CON 28 GRAGEAS (21 CON HORMONALES Y 7 SIN HORMONALES).","28 GRAGEAS (21 CON HORMONALES Y 7
SINHORMONALES)",
"010.000.4526.00","LEVONORGESTREL DE 0.03 MG, GRAGEA, ENVASE CON 35 GRAGEAS.","35 GRAGEAS",
"010.000.2210.00","LEVONORGESTREL DE 0.750  MG,  COMPRIMIDO  O TABLETA,  ENVASE  CON 2
COMPRIMIDOS O TABLETAS.","ENVASE CON 2
COMPRIMIDOS O TABLETAS.",
"010.000.0264.00","LIDOCAÍNA  DE 10.0 G / 100 ML, SOLUCIÓN  AL 10%, ENVASE  CON 115 ML CON ATOMIZADOR  MANUAL.","115 ML CON ATOMIZADOR  MANUAL",
"010.000.0261.00","LIDOCAÍNA,    CLORHIDRATO  DE   (GT3)   DE   500   MG   /   50   ML,   SOLUCIÓN INYECTABLE  AL 1%, ENVASE CON 5 FRASCOS ÁMPULA DE 50 ML.","5 FRASCOS ÁMPULA CON 50 ML",
"010.000.1363.00","LIDOCAÍNA,  ACETATO  DE  HIDROCORTISONA, SUBACETATO DE  ALUMINIO  Y OXIDO DE ZINC DE 5 G/0.25 G/3.50 G/18 G/100 G, UNGÜENTO,  ENVASE CON 20
G Y APLICADOR.","ENVASE CON 20 G Y APLICADOR",
"010.000.1364.00","LIDOCAÍNA,  ACETATO  DE  HIDROCORTISONA, SUBACETATO DE  ALUMINIO  Y OXIDO DE ZINC DE 60 MG/5 MG/400 MG/50 MG, SUPOSITORIO, ENVASE CON 6
SUPOSITORIOS.","6 SUPOSITORIOS",
"010.000.0262.00","LIDOCAÍNA,  CLORHIDRATO DE DE 1 G / 50 ML, SOLUCIÓN  INYECTABLE  AL 2%, ENVASE CON 5 FRASCOS ÁMPULA CON 50 ML.","5 FRASCOS ÁMPULA CON 50 ML",
"010.000.0265.00","LIDOCAÍNA,  CLORHIDRATO DE,  EPINEFRINA  DE  1  G  / (1:200000)  / 0.25  MG, SOLUCIÓN  INYECTABLE  AL  2%,  ENVASE  CON  5 FRASCOS  ÁMPULA  CON  50
ML.","5 FRASCOS ÁMPULA CON 50 ML",
"010.000.0267.00","LIDOCAÍNA,  CLORHIDRATO DE, EPINEFRINA  DE 36 MG / (1:100000)  / 0.018 MG, SOLUCIÓN INYECTABLE  AL 2%, ENVASE CON 50 CARTUCHOS  DENTALES  CON
1.8 ML.","50 CARTUCHOS DENTALES  CON 1.8 ML",
"010.000.0263.00","LIDOCAÍNA,  CLORHIDRATO DE, GLUCOSA  MONOHIDRATADA DE 100 MG / 2 ML
/ 150 MG, SOLUCIÓN  INYECTABLE  AL 5%, ENVASE CON 50 AMPOLLETAS CON
2 ML.","50 AMPOLLETAS CON
2 ML",
"010.000.2501.00","LISINOPRIL  DE 10 MG, CÁPSULA  O TABLETA,  ENVASE  CON 30 CÁPSULAS  O TABLETAS.","30 CÁPSULAS  O TABLETAS",
"010.000.4184.00","LOPERAMIDA,   CLORHIDRATO   DE   DE   2   MG,   COMPRIMIDO,   TABLETA   O GRAGEA, ENVASE CON 12 COMPRIMIDOS, TABLETAS O GRAGEAS.","12 COMPRIMIDOS, TABLETAS O GRAGEAS",
"010.000.2144.00","LORATADINA  DE 10 MG, TABLETA  O GRAGEA,  ENVASE  CON 20 TABLETAS  O GRAGEAS.","20 TABLETAS O GRAGEAS",
"010.000.5359.00","MAGNESIO,    VALPROATO    DE    DE    600    MG,    TABLETA    DE    LIBERACIÓN PROLONGADA, ENVASE CON 30 TABLETAS.","30 TABLETAS",
"010.000.2622.00","MAGNESIO,   VALPROATO   DE  (ÁCIDO  VALPROICO)   DE  185.6  MG  /  200  MG, TABLETA CON CUBIERTA ENTÉRICA,  ENVASE CON 40 TABLETAS.","40 TABLETAS",
"010.000.2623.00","MAGNESIO,  VALPROATO  DE (ÁCIDO  VALPROICO)  DE 186 MG/ML,  SOLUCIÓN, ENVASE CON 40 ML.","ENVASE CON 40 ML",
"010.000.2136.00","MEBENDAZOL DE 100 MG, TABLETA, ENVASE CON 6 TABLETAS.","6 TABLETAS",
"010.000.3509.00","MEDROXIPROGESTERONA, ACETATO  DE, ESTRADIOL,  CIPIONATO  DE DE 25
MG/5  MG/0.5  ML, SUSPENSIÓN  INYECTABLE,  ENVASE  CON UNA AMPOLLETA CON 0.5 ML.","AMPOLLETA  O JERINGA PRELLENADA CON  0.5 ML",
"010.000.0108.00","METAMIZOL     SÓDICO     DE    500    MG,    COMPRIMIDO,    ENVASE     CON    10
COMPRIMIDOS.","10 COMPRIMIDOS",
"010.000.0109.00","METAMIZOL  SÓDICO  DE 1 G / 2 ML, SOLUCIÓN  INYECTABLE,  ENVASE  CON 3
AMPOLLETAS CON 2 ML.","3 AMPOLLETAS CON 2
ML",
"010.000.5165.00","METFORMINA,  CLORHIDRATO  DE  DE  850  MG,  TABLETA,   ENVASE   CON  30
TABLETAS.","30 TABLETAS",
"010.000.3444.00","METOCARBAMOL DE 400 MG, TABLETA, ENVASE CON 30 TABLETAS.","30 TABLETAS",
"010.000.1243.00","METOCLOPRAMIDA,  CLORHIDRATO  DE  DE  4  MG/ML,   SOLUCIÓN,   ENVASE FRASCO GOTERO CON 20 ML.","FRASCO GOTERO CON
20 ML",
"010.000.1241.00","METOCLOPRAMIDA, CLORHIDRATO DE  DE  10  MG,  SOLUCIÓN  INYECTABLE, ENVASE CON 6 AMPOLLETAS DE 2 ML.","6 AMPOLLETAS CON 2
ML",
"010.000.1242.00","METOCLOPRAMIDA, CLORHIDRATO DE DE 10 MG, TABLETA,  ENVASE  CON 20
TABLETAS.","20 TABLETAS",
"010.000.0572.00","METOPROLOL,  TARTRATO   DE   DE   100   MG,   TABLETA,   ENVASE   CON   20
TABLETAS.","20 TABLETAS",
"010.000.1561.00","METRONIDAZOL DE 500  MG,  ÓVULO  O TABLETA  VAGINAL,  ENVASE  CON  10
ÓVULOS O TABLETAS.","10 ÓVULOS O TABLETAS VAGINALES",
"010.000.1308.00","METRONIDAZOL DE 500 MG, TABLETA, ENVASE CON 20 TABLETAS.","20 TABLETAS",
"010.000.1308.01","METRONIDAZOL DE 500 MG, TABLETA, ENVASE CON 30 TABLETAS.","30 TABLETAS",
"010.000.1310.00","METRONIDAZOL,  BENZOILO   DE  DE  250  MG  /  5  ML,  SUSPENSIÓN   ORAL, ENVASE CON 120 ML Y DOSIFICADOR.","ENVASE CON 120 ML",
"010.000.0891.00","MICONAZOL,  NITRATO DE DE 20 MG / G, CREMA, ENVASE CON 20 G.","ENVASE CON 20 G",
"010.000.5383.00","MULTIVITAMINAS (POLIVITAMINAS) Y MINERALES  DE VITAMINA  A, 2500 UI, D2,
200  UI,  E,  15.0  MG,  C,  60  MG,  TIAMINA,   1.05  MG,  RIBOFLAVINA,  1.2  MG, PIRIDOXINA,  1.05 MG, CIANOCOBALAMINA, 4.5 µG, NICOTINAMINA, 13.5 MG Y HIERRO    ELEMENTAL    10   MG/5   ML,   JARABE,    ENVASE    CON   240   ML   Y DOSIFICADOR.","ENVASE CON 240 ML",
"010.000.2804.00","NAFAZOLINA,    CLORHIDRATO   DE   DE   1   MG/ML,    SOLUCIÓN    OFTÁLMICA, ENVASE CON GOTERO INTEGRAL CON 15 ML.","GOTERO INTEGRAL CON 15 ML",
"010.000.3419.00","NAPROXENO  DE 125 MG/ 5 ML, SUSPENSIÓN  ORAL, ENVASE CON 100 ML.","ENVASE CON 100 ML",
"010.000.3407.00","NAPROXENO  DE 250 MG, TABLETA, ENVASE CON 30 TABLETAS.","30 TABLETAS",
"010.000.2823.00","NEOMICINA,   SULFATO  DE,  POLIMIXINA   B,  SULFATO  DE  Y  GRAMICIDINA   DE
1.75  MG/5  000  U/25  µG/ML.,  SOLUCIÓN  OFTÁLMICA,   ENVASE  CON  GOTERO INTEGRAL CON 15 ML.","GOTERO INTEGRAL CON 15 ML",
"010.000.0597.00","NIFEDIPINO   DE  10  MG,  CÁPSULA  DE  GELATINA  BLANDA,  ENVASE  CON  20
CÁPSULAS.","20 CÁPSULAS",
"010.000.0599.00","NIFEDIPINO  DE 30 MG, COMPRIMIDO  DE LIBERACIÓN  PROLONGADA, ENVASE CON 30 COMPRIMIDOS.","30 COMPRIMIDOS",
"010.000.1566.00","NISTATINA   DE  100  000  UI,  ÓVULO  O  TABLETA  VAGINAL,  ENVASE  CON  12
ÓVULOS O TABLETAS.","12 ÓVULOS O TABLETAS VAGINALES",
"010.000.4260.00","NISTATINA DE 2 400 000 UI / 24 ML, SUSPENSIÓN  ORAL, ENVASE PARA 24 ML.","ENVASE PARA 24 ML",
"010.000.2524.00","NITAZOXANIDA DE 100 MG/5 ML, SUSPENSIÓN  ORAL, ENVASE CON 30 ML.","ENVASE CON 30 ML",
"010.000.2519.00","NITAZOXANIDA DE 200 MG, TABLETA, ENVASE CON 6 TABLETAS.","6 TABLETAS",
"010.000.1562.00","NITROFURAL  DE 6 MG, ÓVULO, ENVASE CON 6 ÓVULOS.","6 ÓVULOS",
"010.000.1911.00","NITROFURANTOÍNA DE 100 MG, CÁPSULA, ENVASE CON 40 CÁPSULAS.","40 CÁPSULAS",
"010.000.5302.00","NITROFURANTOÍNA DE 500 MG/100 ML, SUSPENSIÓN  ORAL, ENVASE CON 120
ML (25 MG/5 ML).","ENVASE CON 120 ML",
"010.000.3511.00","NORELGESTROMINA Y ETINILESTRADIOL DE 6 MG/0.60 MG, PARCHE, ENVASE CON 3 PARCHES.","3 PARCHES",
"010.000.3506.00","NORETISTERONA  Y  ETINILESTRADIOL  DE  0.400  MG/0.035   MG,  GRAGEA   O TABLETA, ENVASE CON 28 TABLETAS O GRAGEAS (21 CON HORMONALES Y 7
SIN HORMONALES).","28 TABLETAS O GRAGEAS (21 CON HORMONALES Y 7 SIN HORMONALES)",
"010.000.3515.00","NORETISTERONA, ENANTATO  DE Y VALERATO  DE ESTRADIOL  DE 50 MG/  5
MG/ML,  SOLUCIÓN  INYECTABLE,  ENVASE  CON  UNA AMPOLLETA  O JERINGA CON UN ML.","AMPOLLETA  O JERINGA",
"010.000.0804.00","ÓXIDO DE ZINC DE 25. 0 G / 100 G, PASTA, ENVASE CON 30 G.","ENVASE CON 30 G",
"010.000.0106.00","PARACETAMOL  DE  100  MG  /  ML,  SOLUCIÓN   ORAL,  ENVASE  CON  15  ML, GOTERO  CALIBRADO  A 0.5 Y 1 ML, INTEGRADO  O ADJUNTO  AL ENVASE  QUE SIRVE DE TAPA.","ENVASE CON GOTERO
15 ML",
"010.000.0514.02","PARACETAMOL DE 100 MG, SUPOSITORIO, ENVASE CON 10 SUPOSITORIOS.","10 SUPOSITORIOS",
"010.000.0514.00","PARACETAMOL DE 100 MG, SUPOSITORIO, ENVASE CON 3 SUPOSITORIOS.","3 SUPOSITORIOS",
"010.000.0514.01","PARACETAMOL DE 100 MG, SUPOSITORIO, ENVASE CON 6 SUPOSITORIOS.","6 SUPOSITORIOS",
"010.000.0105.00","PARACETAMOL DE 300 MG, SUPOSITORIO, ENVASE CON 3 SUPOSITORIOS.","3 SUPOSITORIOS",
"010.000.0104.00","PARACETAMOL DE 500 MG, TABLETA, ENVASE CON 10 TABLETAS.","10 TABLETAS",
"010.000.5481.00","PAROXETINA,  CLORHIDRATO  DE  DE  20  MG,   TABLETA,   ENVASE   CON  10
TABLETAS.","10 TABLETAS",
"010.000.0865.00","PERMETRINA  DE 1 G/100 ML, SOLUCIÓN,  ENVASE CON 110 ML.","ENVASE CON 110 ML",
"010.000.2138.00","PIRANTEL,  PAMOATO DE DE 250 MG, TABLETA, ENVASE CON 6 TABLETAS.","6 TABLETAS",
"010.000.2413.00","PIRAZINAMIDA DE 500 MG, TABLETA, ENVASE CON 50 TABLETAS.","50 TABLETAS",
"010.000.5232.00","PIRIDOXINA  DE 300 MG, TABLETA, ENVASE CON 10 TABLETAS.","10 TABLETAS",
"010.000.1271.00","PLÁNTAGO  PSYLLIUM DE 49.7 G/100 G, POLVO, ENVASE CON 400 G.","ENVASE CON 400 G",
"010.000.0901.00","PODOFILINA,  RESINA  DE DE 250 MG / ML, SOLUCIÓN  DÉRMICA,  ENVASE CON
5 ML.","ENVASE CON 5 ML",
"010.000.2040.00","PRAZICUANTEL DE 600 MG, TABLETA, ENVASE CON 25 TABLETAS.","25 TABLETAS",
"010.000.0472.00","PREDNISONA  (GT12) DE 5 MG, TABLETA, ENVASE CON 20 TABLETAS","20 TABLETAS",
"010.000.0473.00","PREDNISONA  DE 50 MG, TABLETA, ENVASE CON 20 TABLETAS.","20 TABLETAS",
"010.000.2032.00","PRIMAQUINA,  FOSFATO DE DE 15 MG, TABLETA, ENVASE CON 20 TABLETAS.","20 TABLETAS",
"010.000.2031.00","PRIMAQUINA,  FOSFATO DE DE 5 MG, TABLETA, ENVASE CON 20 TABLETAS.","20 TABLETAS",
"010.000.0539.00","PROPRANOLOL,  CLORHIDRATO  DE  DE  10  MG,  TABLETA,  ENVASE  CON  30
TABLETAS.","30 TABLETAS",
"010.000.0530.00","PROPRANOLOL,  CLORHIDRATO  DE  DE  40  MG,  TABLETA,  ENVASE  CON  30
TABLETAS.","30 TABLETAS",
"010.000.1233.00","RANITIDINA,   CLORHIDRATO DE  DE  150  MG,  GRAGEA  O  TABLETA,  ENVASE CON 20 GRAGEAS O TABLETAS.","20 GRAGEAS O TABLETAS",
"010.000.2151.00","RANITIDINA,  CLORHIDRATO DE DE 150 MG/10 ML, JARABE,  ENVASE  CON 200
ML.","ENVASE 200 ML",
"010.000.2410.00","RIFAMPICINA  DE 100 MG / 5 ML, SUSPENSIÓN  ORAL,  ENVASE  CON 120 ML Y DOSIFICADOR.","ENVASE CON 120 ML",
"010.000.2409.00","RIFAMPICINA  DE 300 MG, CÁPSULA,  COMPRIMIDO  O TABLETA  RECUBIERTA, ENVASE CON 1000 CÁPSULAS,  COMPRIMIDOS O TABLETAS RECUBIERTAS.","1 000 CÁPSULAS  O COMPRIMIDOS O TABLETAS RECUBIERTAS",
"010.000.0429.00","SALBUTAMOL  Ó  SULFATO   DE  SALBUTAMOL  DE  20  MG,  SUSPENSIÓN   EN AEROSOL,  ENVASE CON INHALADOR  CON 200 DOSIS DE 100 µG.","ENVASE CON INHALADOR  CON 200
DOSIS DE100
MICROGRAMO",
"010.000.0431.00","SALBUTAMOL Ó SULFATO  DE SALBUTAMOL DE 2 MG/5 ML, JARABE,  ENVASE CON 60 ML.","ENVASE CON 60 ML",
"010.000.1272.00","SENÓSIDOS    A-B     DE    CONCENTRADO   DE    SEN    DESECADOS    187    MG (NORMALIZADO A 8.6 MG), TABLETA, ENVASE CON 20 TABLETAS.","20 TABLETAS",
"010.000.1270.00","SENÓSIDOS  A-B  DE CONCENTRADO DE SEN EQUIVALENTE A 200 MG/100 ML, SOLUCIÓN ORAL, ENVASE CON 75 ML.","ENVASE CON 75 ML",
"010.000.3608.00","SODIO, CLORURO  DE  DE CADA 100 ML CONTIENEN:  CLORURO  DE SODIO 0.9
G AGUA INYECTABLE  100 ML, SOLUCIÓN  INYECTABLE  AL 0.9%, ENVASE  CON
250 ML.","ENVASE CON 250 ML",
"010.000.3609.00","SODIO, CLORURO  DE  DE CADA 100 ML CONTIENEN:  CLORURO  DE SODIO 0.9
G AGUA INYECTABLE  100 ML, SOLUCIÓN  INYECTABLE  AL 0.9%, ENVASE  CON
500 ML.","ENVASE CON 500 ML",
"010.000.3616.00","SOLUCIÓN  HARTMANN  DE  CADA  100  ML  CONTIENEN:  CLORURO  DE  SODIO
0.600 G CLORURO  DE POTASIO  0.030 G CLORURO  DE CALCIO  DIHIDRATADO
0.020 G LACTATO  DE SODIO 0.310 G, (MILIEQUIVALENTES POR LITRO: SODIO
130;  POTASIO  4., CALCIO  2.72-3.,  CLORURO  109.,  LACTACTO  28), SOLUCIÓN INYECTABLE,  ENVASE CON 1000 ML.","ENVASE CON 1000 ML.",
"030.000.0011.00","SUCEDÁNEO   DE   LECHE   HUMANA   DE   TÉRMINO   DE   KCAL   509-528/100G, LÍPIDOS 25.80-28.90/100G, PROTEÍNAS  9.50-12.0/100G, HIDRATO DE CARBONO
55.20-57.90/100G, POLVO,  ENVASE  DE LATA  CON 400 A 454 G Y MEDIDA  DE
4.30 A 4.50 G.","ENVASE CON 400 A
454 G",
"030.000.0003.00","SUCEDÁNEO   DE  LECHE   HUMANA   DE  PRETÉRMINO   DE  KCAL  80-90/100G, LÍPIDOS  4.8-6/100G,   PROTEÍNAS   2.25-3/100G,   HIDRATO  DE  CARBONO   10.5-
12/100G, POLVO, ENVASE DE LATA CON 400 A 454 G Y MEDIDA DE 4.40 A 4.50
G.","ENVASE DE LATA CON
400 A 454 G Y MEDIDA DE 4.40 A 4.50G",
"030.000.0012.00","SUCEDÁNEO  DE LECHE  HUMANA  DE TÉRMINO  SIN  LACTOSA  DE KCAL  502-
522/100G, LÍPIDOS 25.0-28.0/100G, PROTEÍNAS 11.0-14.0/100G, HIDRATO DE CARBONO   54.9-55.6/100G,  POLVO,  ENVASE  DE  LATA  CON  400  A  454  G  Y MEDIDA DE 4.3 A 4.5 G.","ENVASE CON 375 A
400 G",
"020.000.3842.00","SUERO   ANTIALACRÁN  (ANTICUERPOS  DE   CABALLO)   DE   CADA   FRASCO ÁMPULA CON LIOFILIZADO  CONTIENE: ANTICUERPOS DE CABALLO CONCENTRADOS Y MODIFICADOS POR DIGESTIÓN  ENZIMÁTICA,  PARA NEUTRALIZAR 150 DL(50) DE VENENO DE ALACRÁN DEL GÉNERO CENTRUROIDES., SOLUCIÓN INYECTABLE,  ENVASE CON UN FRASCO ÁMPULA Y DILUYENTE  CON 5 ML (UNA DOSIS).","FRASCO ÁMPULA Y DILUYENTE  CON 5 ML",
"020.000.3843.00","SUERO   ANTIVIPERINO  (ANTICUERPOS  DE   CABALLO)   DE   CADA   FRASCO ÁMPULA CON LIOFILIZADO  CONTIENE: ANTICUERPOS DE CABALLO CONCENTRADOS Y MODIFICADOS POR DIGESTIÓN  ENZIMÁTICA  QUE NEUTRALIZAN NO MENOS DE 790 DL(50) DE VENENO DE CROTALUS BASSILISCUS  Y NO MENOS DE 780 DL(50) DE VENENO  DE BOTHROPS  ASPER BOTHROPS   ASPER,   SOLUCIÓN   INYECTABLE,    ENVASE   CON   UN   FRASCO ÁMPULA Y DILUYENTE  CON 10 ML.","FRASCO ÁMPULA Y DILUYENTE  CON 10 ML",
"010.000.2829.00","SULFACETAMIDA SÓDICA  DE 0.1 G/ML, SOLUCIÓN  OFTÁLMICA,  ENVASE  CON GOTERO INTEGRAL CON 15 ML.","GOTERO INTEGRAL CON 15 ML",
"010.000.1704.00","SULFATO  FERROSO  HEPTAHIDRATADO DE 125 MG / ML, EQUIVALENTE A 25
MG/ML DE HIERRO ELEMENTAL,  SOLUCIÓN,  ENVASE GOTERO CON 15 ML.","ENVASE GOTERO CON
15 ML",
"010.000.1703.00","SULFATO FERROSO DESECADO  DE CADA TABLETA CONTIENE: SULFATO FERROSO  DESECADO  APROXIMADAMENTE 200 MG EQUIVALENTE A 60.27 MG DE HIERRO ELEMENTAL,  TABLETA, ENVASE CON 30 TABLETAS.","30 TABLETAS",
"010.000.5075.00","TEOFILINA   ANHIDRA   DE  533  MG/100   ML,  ELÍXIR,  ENVASE   CON  450  ML  Y DOSIFICADOR.","ENVASE CON 450 ML",
"010.000.0437.00","TEOFILINA  ANHIDRA  DE  100  MG.,  COMPRIMIDO  Ó TABLETA  O CÁPSULA  DE LIBERACIÓN  PROLONGADA, ENVASE  CON  20 COMPRIMIDOS O TABLETAS  O CÁPSULAS  DE LIBERACIÓN  PROLONGADA.","20 COMPRIMIDOS Ó TABLETAS Ó CÁPSULAS  DE LIBERACIÓN PROLONGADA",
"010.000.0433.00","TERBUTALINA, SULFATO DE DE 5 MG, TABLETA, ENVASE CON 20 TABLETAS.","20 TABLETAS",
"010.000.1981.00","TETRACICLINA, CLORHIDRATO DE DE 250 MG, TABLETA O CÁPSULA,  ENVASE CON 10 TABLETAS O CÁPSULAS.","10 TABLETAS O CÁPSULAS",
"010.000.1903.00","TRIMETOPRIMA  -  SULFAMETOXAZOL  DE  80  MG/400   MG,   COMPRIMIDO   O TABLETA, ENVASE CON 20 COMPRIMIDOS O TABLETAS.","20 TABLETAS O COMPRIMIDOS",
"010.000.1904.00","TRIMETOPRIMA -  SULFAMETOXAZOL DE  40  MG/200  MG/5  ML,  SUSPENSIÓN ORAL, ENVASE CON 120 ML Y DOSIFICADOR.","ENVASE CON 120 ML",
"010.000.0591.00","TRINITRATO  DE  GLICERILO  DE  0.8  MG,  CÁPSULA  O TABLETA  MASTICABLE, ENVASE CON 24 CÁPSULAS  O TABLETAS MASTICABLES.","24 CÁPSULAS  O TABLETAS",
"010.000.2630.00","VALPROATO SEMISÓDICO (ÁCIDO VALPROICO) DE 500 MG, TABLETA DE LIBERACIÓN  PROLONGADA, ENVASE CON 30 TABLETAS DE LIBERACIÓN PROLONGADA.","30 TABLETAS",
"010.000.4376.00","VITAMINAS (POLIVITAMINAS) Y MINERALES  DE VITAMINA B1, B2, B6, B12, NIACINAMIDA, E, A, D3,  ÁCIDO  PANTOTÉNICO, SULFATO  FERROSO,  COBRE, MAGNESIO,    ZINC,    TABLETA,    CÁPSULA    O   GRAGEA,    ENVASE    CON    30
TABLETAS,  CÁPSULAS  O GRAGEAS.","30 TABLETAS, CÁPSULAS  O GRAGEAS",
"010.000.1098.00","VITAMINAS A, C Y D DE PALMITATO DE RETINOL 7000 A 9000 UI, ÁCIDO ASCÓRBICO  80 A 125 MG, COLECALCIFEROL 1400 A 1800 UI/ML.,  SOLUCIÓN, ENVASE CON 15 ML.","ENVASE CON 15 ML",
,"MEDICAMENTOS  NO CAUSES","###",
"010.000.5132.00","ALANTOÍNA  ALQUITRÁN  DE HULLA Y CLIOQUINOL  CREMA 0.2 G/100 G/ 5 G/100
G Y 3 G/100 G","ENVASE CON 60 G.",
"010.000.2111.00","AMLODIPINO  TABLETAS O CAPSULAS  5 MG.","ENVASE CON 10 Ó 30
CAPSULAS  O TABLETAS",
"010.000.0801.00","BAÑO  COLOIDE  POLVO  CADA  GRAMO  CONTIENE:HARINA DE SOYA  965 MG. (CONTENIDO  PROTEICO 45%)POLIVIDONA 20 MG.","ENVASE CON DOS SOBRES INDIVIDUALES DE 90
G.",
"010.000.0071.00","BENZATINA   BENCILPENICILINA  DE  600  000  UI,  SUSPENSIÓN   INYECTABLE, ENVASE CON UN FRASCO ÁMPULA Y 5 ML DE DILUYENTE.","ENVASE CON UN FRASCO ÁMPULA Y 5
ML DE DILUYENTE.",
"010.000.2433.00","BENZONATATO PERLA CADA PERLA CONTIENE BENZONATATO 100 MG","ENVASE CON 20
PERLAS",
"010.000.0113.00","BUTILHIOSCINA – METAMIZOL  GRAGEA 10 MG/ 250 MG,","ENVASE CON 36
GRAGEAS",
"010.000.2146.00","BUTILHIOSCINA – METAMIZOL  SOLUCIÓN INYECTABLE  20 MG/2.5 G/5 ML","ENVASE CON 5
AMPOLLETAS DE 5 ML.",
1006,"CALCIO COMPRIMIDO EFERVESCENTE CADA COMPRIMIDO CONTIENE: LACTATO GLUCONATO DE CALCIO 2.94 G CARBONATO DE CALCIO 300 MG EQUIVALENTE A 500 MG DE CALCIO IONIZABLE. ","12 comprimidos",
"010.000.2248.00","CINITAPRIDA  GRANULADO  1 MG 30 SOBRES","ENVASE",
"010.000.1208.00","CISAPRIDA  SUSPENSIÓN  CADA 100 ML CONTIENEN:  CISAPRIDA  100 MG","ENVASE CON 60 ML Y DOSIFICADOR DE 5 ML",
"010.000.2147.00","CISAPRIDA  TABLETA 10 MG","CAJA CON 30
TABLETAS",
"010.000.1209.00","CISAPRIDA  TABLETA CADA TABLETA CONTIENE:  CISAPRIDA  5 MG .","ENVASE CON 30
TABLETAS.",
"010.000.2471.00","CLORFENAMINA COMPUESTA  TABLETA CADA TABLETA CONTIENE PARACETAMOL 500 MG CAFEÍNA 25 MG CLORHIDRATO DE FENILEFRINA  5 MG MALEATO DE CLORFENAMINA 4 MG.","ENVASE CON 10
TABLETAS.",
"010.000.5551.00","DABIGATRÁN   ETEXILATO  MESILATO  DE  75  MG,  CÁPSULA,  ENVASE  CON  30
CÁPSULAS.","ENVASE CON 30
CÁPSULAS.",
"010.000.5552.00","DABIGATRÁN  ETEXILATO  MESILATO  DE 110 MG,  CÁPSULA,  ENVASE  CON 30
CÁPSULAS.","ENVASE CON 30
CÁPSULAS.",
"010.000.2431.00","DEXTROMETORFANO JARABE 300 MG.","ENVASE CON 60 ML Y DOSIFICADOR",
"SIN CLAVE","DIFENHIDRAMINA JARABE 12.5MG/ML","ENVASE",
5186,"ESOMEPRAZOL O PANTOPRAZOL O RABEPRAZOL U OMEPRAZOL O (AGRUPAMIENTO DE INHIBIDORES LA BOMBA DE PROTONES) TABLETA O GRAGEA O CáPSULA ESOMEPRAZOL 40 MG O PANTOPRAZOL 40 MG O RABEPRAZOL 20 MG U OMEPRAZOL 20 MG. ","7, 14 tabletas o grageas o cápsulas",
"010.000.1506.00","ESTRÓGENOS CONJUGADOS CREMA VAGINAL 0.625 MG/ G","ENVASE CON 43 G. Y APLICADOR",
"010.000.1501.00","ESTROGENOS CONJUGADOS ORIGEN NATURAL, GRAGEAS DE .625 MG","ENVASE CON 42
GRAGEAS O TABLETAS",
"010.000.4025.00","EZETIMIBA-SIMVASTATINA DE 10 MG/ 20 MG, COMPRIMIDO, ENVASE  CON 14
COMPRIMIDOS.","ENVASE CON 14
COMPRIMIDOS.",
"010.000.2114.00","FELODIPINO  TABLETA DE LIBERACIÓN  PROLONGADA 5 MG","ENVASE CON 10
TABLETAS",
"010.000.2331.00","FENAZOPIRIDINA TABLETA 100 MG.","ENVASE CON 20
TABLETAS.",
"010.000.0626.01","FITOMENADIONA  SOLUCIÓN   O  EMULSIÓN   INYECTABLE,   CADA  AMPOLLETA CONTIENE   FITOMENADIONA 10 MG. PRESENTACIÓN: 5 AMPOLLETAS CON 1.0
ML","ENVASE CON 5
AMPOLLETAS DE 1 ML.",
"010.000.0811.00","FLUOCINOLONA ACETONIDO  DE CREMA 0.1 MG/G","ENVASE CON 20
GRAMOS",
"010.000.4201.00","HIDRALAZINA     SOLUCIÓN     INYECTABLE     CADA     AMPOLLETA     CONTIENE: CLORHIDRATO DE HIDRALAZINA  10 MG.","5 AMPOLLETAS CON
1.0 ML",
"010.000.4134.01","HIDROQUINONA CREMA 4 G/ 100 G","ENVASE CON 15 Ó 30
G.",
"010.000.1705.00","HIERRO  DEXTRÁN  SOLUCIÓN  INYECTABLE  - 100  MG/2  ML  - 3 AMPOLLETAS CON 2 ML","ENVASE",
"010.000.1712.00","HIERRO AMINOQUELADO Y ÁCIDO FÓLICO TABLETA  - HIERRO ELEMENTAL  30
MG ÁCIDO FÓLICO 0.500 MG - 30 TABLETAS","ENVASE",
"010.000.2893.00","HIPROMELOSA DE  20  MG/ML,  SOLUCIÓN  OFTÁLMICA   AL  2%,  ENVASE  CON GOTERO INTEGRAL CON 15 ML.","ENVASE CON GOTERO INTEGRAL CON 15 ML.",
4158,"INSULINA GLARGINA SOLUCIÓN INYECTABLE 3.64 MG/ML.","ENVASE CON 5 CARTUCHOS DE VIDRIO CON 3 ML. EN DISPOSITIVO DESECHABLE",
"010.000.4097.00","IRBESARTÁN  - HIDROCLOROTIAZIDA DE 150 MG/12.5  MG, TABLETA,  ENVASE CON 28 TABLETAS.","ENVASE CON 28
TABLETAS.",
"010.000.5801.00","IRBESARTÁN,    AMLODIPINO,   BESILATO   DE   DE  150   MG  /  5MG,   TABLETA, ENVASE CON 28 TABLETAS.","ENVASE CON 28
TABLETAS.",
"010.000.5802.00","IRBESARTÁN,   AMLODIPINO,   BESILATO   DE  DE  300  MG  /  5  MG,  TABLETA, ENVASE CON 28 TABLETAS","ENVASE CON 28
TABLETAS",
"S/C","KETOROLACO TOMETAMINA  TABLETAS DE 10 MG","FRASCO DE 10
TABLETAS CON 10 MG",
"010.000.3504.00","LEVONORGESTREL  Y  ETINILESTRADIOL  GRAGEA   LEVONORGESTREL  0.15
MG, 0.03 MG 21 GRAGEASETINILESTRADIOL","ENVASE",
"SIN CLAVE","LIDOCAINA-HIDROCORTISONA UNGÜENTO  50 MG/2.5 MG/1G","ENVASE",
"010.000.5621.00","LINAGLIPTINA DE 5 MG, TABLETA, ENVASE CON 30 TABLETAS.","ENVASE CON 30
TABLETAS.",
"010.000.5742.00","LINAGLIPTINA,  CLORHIDRATO  DE   METFORMINA  DE   2.5   MG   /   1000   MG, TABLETA, ENVASE CON 60 TABLETAS","ENVASECON60TABLET AS",
"010.000.4184.00","LOPERAMIDA  TABLETA CADA COMPRIMIDO  TABLETAS  O GRAGEA CONTIENE: CLORHIDRATO DE LOPERAMIDA  2 MG.","ENVASE CON 12
TABLETAS.",
"SIN CLAVE","LORATADINA  JARABE 5MG/5ML.","ENVASE",
2520,"LOSARTAN GRAGEA 50 MG","GRAGEA",
"010.000.3423.00","MELOXICAM  DE 15 MG, TABLETA, ENVASE CON 10 TABLETAS.","ENVASE CON 10
TABLETAS.",
"SIN CLAVE","MISOPROSTROL CADA  TABLETA  CONTIENE:  MISOPROSTOL 200 µG  ENVASE CON 28 COMPRIMIDOS","ENVASE CON 28
COMPRIMIDOS.",
"010.000.4141.00","MOMETASONA, MONOHIDRATADA FUROATO  DE  (GT18)  DE  0.050  G/100  ML, SUSPENSIÓN    PARA   INHALACIÓN,    ENVASE   NEBULIZADOR  CON   18   ML   Y VÁLVULA DOSIFICADORA (140 NEBULIZACIONES DE 50 µG CADA UNA).","ENVASE NEBULIZADOR CON 18
ML Y VÁLVULA DOSIFICADORA (140
NEBULIZACIONES DE
50 µG CADA UNA).",
"SIN CLAVE","NISTATINA SUSPENSION  ORAL 100,000 UI/ML.","ENVASE",
"SIN CLAVE","NITROFURANTOINA SUSPENSION  25MG/5ML.","ENVASE",
"010.000.3415.00","PIROXICAM  CAPSULA O TABLETA 20 MG.","ENVASE CON 20
CAPSULAS  O TABLETAS.",
"010.000.2150.00","PLANTAGO  OVATA/SENOSIDOS A Y B GRANULADO  54.2 G/300 MG/100 G","ENVASE CON 100
GRAMOS",
"010.000.1314.00","QUINFAMIDA  TABLETA 300 MG","ENVASE CON 1
TABLETA",
"010.000.4152.01","SITAGLIPTINA  MONOHIDRATADA,  FOSFATO   DE  DE  100  MG,  COMPRIMIDO, ENVASE CON 28 COMPRIMIDOS.","ENVASE CON 28
COMPRIMIDOS.",
"010.000.5703.00","SITAGLIPTINA MONOHIDRATADA, FOSFATO  DE,  METFORMINA, CLOHIDRATO DE DE 50 MG / 850 MG, COMPRIMIDO, ENVASE CON 28 COMPRIMIDOS.","ENVASE CON 28
COMPRIMIDOS.",
"010.000.2542.00","TELMISARTÁN - HIDROCLOROTIAZIDA DE 80.0 MG/12.5 MG, TABLETA, ENVASE CON 14 TABLETAS.","ENVASE CON 14
TABLETAS.",
"010.000.2263.00","TIOTROPIO  MONOHIDRATADO, BROMURO  DE DE  18 µG,  CÁPSULA,  ENVASE CON 30 CÁPSULAS  (REPUESTO).","ENVASE CON 30
CÁPSULAS (REPUESTO).",
"010.000.2262.00","TIOTROPIO  MONOHIDRATADO, BROMURO  DE DE  18 µG,  CÁPSULA,  ENVASE CON 30 CÁPSULAS  Y DISPOSITIVO  INHALADOR.","ENVASE CON 30
CÁPSULAS Y DISPOSITIVO INHALADOR.",
"010.000.2715.00","VITAMINA E GRAGEA O CÁPSULA DE GELATINA 400 MG","ENVASE CON 99 Ó 100
GRAGEAS O CAPSULAS",
"010.000.2801.00","ZINC Y FENILEFRINA  SOLUCIÓN OFTÁLMICA  2.5 MG/1.2 MG/ ML","ENVASE CON GOTERO INTEGRAL CON 15 ML.",
,"MATERIAL DE CURACION","###",
"060.004.0109","ABATELENGUAS DE MADERA  DESECHABLES. LARGO 142.00 MM ANCHO  18.0
MM.","ENVASE CON 500
PIEZAS.",
"060.016.0204","ACEITE LUBRICANTE  PARA PIEZA DE MANO DE BAJA VELOCIDAD","ENVASE C/240 ML.",
"600160154","ACEITE MINERAL PARA USO EXTERNO","FRASCO CON 250 ML",
"S/C","ADAPTADOR  PARA CUCHILLAS  DESECHABLES  PIEZA","PIEZA",
"S/C","AGITADOR MANUAL  ENVASE CON 100 PIEZAS","ENVASE",
"060.034.0103","AGUA OXIGENADA  EN CONCENTRACIÓN DEL 2.5 A 3.5%.","ENVASE CON 480 ML.",
"060.040.3729","AGUJA  HIPODÉRMICA CON  PABELLON   LUER  LOCK  HEMBRA  DE  PLASTICO DESCHABLES 20 G X 38 MM. ENVASE CON 100 PZAS.","ENVASE CON 100
PIEZAS",
"060.040.3745","AGUJA  HIPODÉRMICA CON  PABELLON   LUER  LOCK  HEMBRA  DE  PLASTICO DESCHABLES 21 G X 32 MM. ENVASE CON 100 PZAS.","ENVASE CON 100
PIEZAS",
"060.040.3786","AGUJA  HIPODÉRMICA CON  PABELLON   LUER  LOCK  HEMBRA  DE  PLASTICO DESCHABLES 22 G X 32 MM. ENVASE CON 100 PZAS.","ENVASE CON 100
PIEZAS",
"060.040.3760","AGUJA  HIPODÉRMICAS. CON PABELLÓN  LUER LOCK HEMBRA  DE PLÁSTICO. DESECHABLES. LONGITUD:  16 MM CALIBRE: 25 G. ENVASE CON 100 PIEZAS.","ENVASE CON 100
PIEZAS",
"S/C","AGUJA DESECHABLE DE 18G X 32 ML., ENVASE CON 100 PIEZAS","ENVASE",
"060.040.8058","AGUJAS  DENTALES   TIPO  CARPULE.   DESECHABLES.  LONGITUD:   25-42  MM. CALIBRE: 27 G. TAMAÑO: LARGA.","ENVASE CON 100
PIEZAS",
"060.040.8041","AGUJAS  DENTALES.  TIPO  CARPULE.  DESECHABLES. LONGITUD  20-25M  MM CALIBRE 30 G TAMAÑO CORTA.","ENVASE CON 100
PIEZAS",
"060.040.3711","AGUJAS  HIPODÉRMICAS CON PABELLÓN  LUER-LOCK  HEMBRA  DE PLÁSTICO DESECHABLES. LONGITUD 32 MM. CALIBRE 20 G.","ENVASE CON 100
PZAS.",
"060.066.0773","ALCOHOL DESNATURALIZADO","ENVASE CON 20 L.",
"060.066.0039","ALCOHOL DESNATURALIZADO. ENVASE CON 1 LITRO","ENVASE CON 1 L.",
"060.064.0106","ALEACIÓN PARA AMALGAMA DENTAL EN POLVO DE FASE DISPERSA. COMPOSICIÓN: PLATA  68.0   (72%),  ESTAÑO  15.0  (21%),  COBRE  10.5  (15%), MERCURIO  (3%.MÁXIMO), ZINC (2%. MÁXIMO). ENVASE CON 30 A 31.1 G","ENVASE CON 30 A 31.1
G",
"060.064.0064","ALEACIONES  PARA  AMALGAMA  DENTAL  EN TABLETAS  DE FASE  DISPERSA. COMPOSICIÓN: PLATA  68.0  -  72%.  ESTAÑO  15.0  -  21%.  COBRE  10.5  - 15%. MERCURIO  3% MÁXIMO. ZINC 2% MÁXIMO.","ENVASE CON 80
TABLETAS",
"060.797.0019","ALGODÓN   PARA  USO  DENTAL.   MEDIDA:   3.8  X  0.8  CM.  ENVASE   CON  500
ROLLOS.","CAJA CON 500
ROLLOS",
"060.058.0153","ALGODÓN EN LAMINA. ENROLLADO  O PLISADO. ENVASE CON 300 GR.","ENVASE CON 300 G",
"S/C","ALGODÓN ESTERILIZADO ENVASE CON 500G","ENVASE",
"060.904.0100","ALGODÓN TORUNDAS.  ENVASE CON 500 GR.","ENVASE CON 500 G",
"060.082.0021","APLICADORES CON ALGODÓN DE PLASTICOS.","ENVASE CON 150 A
750 PIEZAS.",
"060.082.0104","APLICADORES DE MADERA CON ALGODÓN.  ENVASE CON 750 PIEZAS.","CAJA CON 100 PIEZAS",
"060.082.0054","APLICADORES SIN ALGODÓN DE MADERA.","ENVASE CON 150 A
750 PIEZAS.",
"060.088.0017","APOSITO    TRANSPARANTE   MICROPOROSO   AUTOADHERIBLE   ESTÈRIL    Y DESECHABLE. MEDIDAS 7.0 A 8.5 X 5.08 A 6.0 CM.","ENVASE CON 50
PIEZAS.",
"060.088.0108","APOSITO  COMBINADOS. D/CELULOSA  CON TELA NO TEJIDA. MEDIDAS:  20X13
CM.","ENVASE CON 150
PIEZAS",
"S/C","ASA DIATERMICA  PARA CONIZACIÓN.  MEDIDA 20X8 MM. VÁSTAGO  LARGO DE
15 CM DE LONGITUD.","PIEZA",
"060.272.0047","ATOXICO, DESECHABLES. 1 PAR PARA ADULTOS. ESTUCHE.","ESTUCHE.",
"060.111.0208","BARNICES  DE COPAL.  PARA  REVESTIMIENTO DE CAVIDADES.  FRASCO  CON
15ML Y FRASCO CON DISOLVENTE  DE 15 ML. JUEGO.","JUEGO.",
"060.125.2901","BOLSA  DE HULE  NATURAL  O SINTÉTICO  DE TEXTURA  BLANDA  O FLEXIBLE CON TAPÓN PARA: AGUA CALIENTE (CAPACIDAD  1750 A 2000 ML).","PIEZA",
"060.623.0019","CAPSULAS  CON PERDIGON  METALICO PARA AMALGAMADOR ELECTRICO.","PIEZA.",
"060.182.1275","CEMENTO  DENTAL  PARA  RESTAURACIÓN INTERMEDIA.   DE  ÓXIDO  DE  ZINC (POLVO) 38 G Y EUGENOL (LÍQUIDO) 14 ML. CON GOTERO DE PLÁSTICO.","JUEGO",
"060.182.1176","CEMENTO  DENTAL,  DE OXIFOSFATO  DE ZINC. POLVO  Y LÍQUIDO.  CAJA CON
32 G DE POLVO Y 15 ML DE SOLVENTE,  ESTUCHE.","ESTUCHE",
"060.182.0236","CEMENTO  DENTAL.  PARA USO QUIRÚRGICO. POLVO ÓXIDO DE ZINC. POLVO ROSA. TALCO. LIQUIDO:  EUGENOL  . ALCOHOL  ISOPROPLICO AL 10%. RESINA DE  PINO.  ACEITE   DE  PINO.  ACEITE   DE  CLAVO.  ACEITE   DE  CACAHUATE. ESTUCHE.","ESTUCHE.",
"060.182.1366","CEMENTO DENTAL. PARA USO QUIRÚRGICO. DE ÓXIDO DE ZINC CON ENDURECEDOR (POLVO)  65 G Y EUGENOL  (LÍQUIDO)  30 ML CON GOTERO DE PLÁSTICO.","EQUIPO",
"060.182.0160","CEMENTOS   IONÓMERO  DE VIDRIO I. PARA CEMENTACIONES DEFINITIVAS.","JUEGO",
"060.189.0056","CEPILLO    PARA   LAVADO    DE   INSTRUMENTAL.   CON   CERDAS    DE   FIBRA VEGETAL LECHUGUILLA.","PIEZA",
"060.189.0205","CEPILLO   DE  CERDAS   NEGRAS,   EN  FORMA  DE  BROCHA.   PARA  PIEZA  DE MANO. PIEZA.","PIEZA",
"060.189.0015","CEPILLO   DENTAL   PARA  ADULTO,   CON  MANGO   DE  PLÁSTICO   Y  CERDAS RECTAS  MYLON6.12  , 100%  VIRGEN  O POLIESTER  P.B.T.  100%  VIRGEN   , DE PUNTAS   REDONDEADAS  EN   4  HILERAS   CABEZA   CORTA   CONSISTENCIA MEDIANA","PIEZA",
"060.189.0106","CEPILLO  DENTAL  INFANTIL,  CON  MANGO  DE PLÁSTICO  Y CERDAS  RECTAS DE NYLON 6.12, 100% VIRGEN O POLIÉSTER  P.B.T. 100% VIRGEN, DE PUNTAS REDONDEADAS EN 3 HILERAS, CABEZA CORTA, CONSISTENCIA MEDIANA.","PIEZA",
"S/C","CEPILLO CON MANGO Y CERDAS DE PLÁSTICO PARA LAVAR ESCUPIDERA","PIEZA",
"060.189.0254","CEPILLO PARA PULIDO DE AMALGAMAS  Y PROFILAXIS.  DE CERDAS BLANCAS EN FORMA DE COPA. PARA CONTRA-ANGULO",,
"060.189.0023","CEPILLO PARA PULIDO DE AMALGAMAS  Y PROFILAXIS.  DE CERDAS BLANCAS EN FORMA DE COPA. PARA PIEZA DE MANO.","PIEZA",
"060.189.0031","CEPILLOS  DE PROFILAXIS  DE CERDAS NEGRAS EN FORMA DE BROCHA PARA CONTRA-ANGULO.","PIEZA",
"060.203.0108","CINTA  METRICA   AHULADA.   GRADUADA   EN  CENTIMETROS  Y  MILIMETROS. LONG. 1.50 METROS. PIEZA.","PIEZA",
"060.203.0066","CINTA PARA PORTAMATRIZ DE AMALGAMA  METALICA 7MM DE LONGITUD.","ENVASE CON 12
PIEZAS",
"060.203.0397","CINTA PARA USO QUIRÚRGICO  MICROPOROSA DE TELA NO TEJIDA, UNIDIRECCIONAL, DE  COLOR  BLANCO,  CON  RECUBRIMIENTOS ADHESIVOS EN  UNA  DE  SUS  CARAS,  LONG.  10  M.  ANCHO  2.50  CM.  ENVASE  CON  12
ROLLOS.","ENVASE CON 12
ROLLOS",
"060.203.0306","CINTA PARA USO QUIRURGICO  MICROPOROSA, DE TELA NO TEJIDA, UNIDIRECCIONAL, DE COLOR BLANCO,  CON RECUBRIMIENTO ADHESIVOS  EN UNAS DE SUS CARAS 10 M X 1.25 CM . ENVASE CON 24 ROLLOS.","ENVASE CON 24
ROLLOS",
"060.203.0363","CINTA PARA USO QUIRURGICO  MICROPOROSA, DE TELA NO TEJIDA, UNIDIRECCIONAL, DE COLOR BLANCO,  CON RECUBRIMIENTO ADHESIVOS  EN UNAS DE SUS CARAS 10 M X 5.0 CM . ENVASE CON 6 ROLLOS.","ENVASE CON 6
ROLLOS",
"060.203.0405","CINTA PARA USO QUIRURGICO  MICROPOROSA, DE TELA NO TEJIDA, UNIDIRECCIONAL, DE COLOR BLANCO,  CON RECUBRIMIENTO ADHESIVOS  EN UNAS DE SUS CARAS 10 M X 7.5 CM . ENVASE CON 4 ROLLOS.","ENVASE CON 4
ROLLOS",
"060.203.0553","CINTA TRANSPARENTE PLÁSTICA,  MICROPERFORADA, DE POLIETILENO; CON ADHESIVO,   HIPOALERGÉNICA.  LONGITUD   DE   9-9.5   M.   ANCHO:   2.50   CM ENVASE CON 12 PIEZAS","ENVASE",
"060.203.0561","CINTA TRANSPARENTE PLÁSTICA,  MICROPERFORADA, DE POLIETILENO; CON ADHESIVO,   HIPOALERGÉNICA.  LONGITUD   DE   9-9.5   M.   ANCHO:   5.00   CM ENVASE CON 6 PIEZAS","ENVASE",
"060.203.0165","CINTA UMBILICALES. DE ALGODÓN  TEJIDO  PLANO (TRENZADO  DE 21 HILOS) ESTÉRILES.  LONGITUD:  41 CM. ANCHO: 4 MM.","ENVASE CON 100
SOBRES",
"060.203.0207","CINTAS  PARA ESTERILIZACIÓN EN VAPOR  A PRESIÓN.  TAMAÑO:  18 MM X 50
M.","ROLLO",
"130.258.0616","COLLARIN MOD. PHILADELPHIA TAMAÑO CHICO. PIEZA.","PIEZA.",
"130.258.0632","COLLARIN MOD. PHILADELPHIA TAMAÑO GRANDE. PIEZA.","PIEZA.",
"130.258.0624","COLLARIN MOD. PHILADELPHIA TAMAÑO MEDIANO. PIEZA.","PIEZA.",
"130.258.0608","COLLARIN MOD. PHILADELPHIA TAMAÑO PEDIATRICO.  PIEZA.","PIEZA.",
"060.219.0068","COLORANTE  REVELADOR  DE  PLACAS  DENTOBACTERIANAS. TABLETAS  SIN SABOR.","ENVASE CON 100
PIEZAS.",
"060.308.0227","CONDON FEMENINO  DE POLIURETANO CON DOS ANILLOS FLEXIBLES  EN LOS EXTREMOS","ENVASE CON 1, 2 Ó 3
PIEZAS EN EMPAQUE INDIVIDUAL",
"060.308.0177","CONDÓN MASCULINO   DE HULE LÁTEX. ENVASE CON 100 PIEZAS.","ENVASE CON 100
PIEZAS",
"060.235.0019","COPA PARA PIEZA DE MANO DE HULE SUAVE BLANCO EN FORMA DE CONO.","ENVASE CON 12
PIEZAS",
"060.621.0656","CUBREBOCA   QUIRÚRGICO   ELABORADO   CON  DOS  CAPAS   EXTERNAS   DE TELA NO TEJIDA, UN FILTRO INTERMEDIO  DE POLIPROPILENO; PLANO O PLISADO; CON AJUSTE NASAL MOLDEABLE.  RESISTENTE  A FLUIDOS, ANTIESTÁTICO, HIPOALERGÉNICO. CON BANDAS O AJUSTE ELÁSTICO ENTORCHADO A LA CABEZA O RETROAURICULAR.","PIEZA",
"060.621.0524","CUBREBOCAS DE DOS CAPAS DE TELA NO TEJIDA,  RESISTENTE  A FLUIDOS, ANTIESTÁTICO, HIPOALERGÉNICO, CON  BANDAS  O AJUSTE  ELÁSTICO  A LA CABEZA. DESECHABLE.","ENVASE CON 150
PIEZAS",
"060.272.0039","CUCHARILLAS  PARA   APLICACIÓN   TOPICA   DE  FLOUR   EN  GEL,   DE  VINIL ATOXICO, DESECHABLES. 1 PAR PARA ADOLESCENTES. ESTUCHE.","ESTUCHE.",
"060.272.0013","CUCHARILLAS  PARA   APLICACIÓN   TOPICA   DE  FLOUR   EN  GEL,   DE  VINIL ATOXICO, DESECHABLES. 1 PAR PARA NIÑOS DE 2 A 3 AÑOS. ESTUCHE.","ESTUCHE CON 1 PAR DE CUCHARILLAS",
"060.272.0021","CUCHARILLAS  PARA   APLICACIÓN   TOPICA   DE  FLOUR   EN  GEL,   DE  VINIL ATOXICO, DESECHABLES. 1 PAR PARA NIÑOS DE 4 A 7 AÑOS. ESTUCHE.","ESTUCHE CON 1 PAR DE CUCHARILLAS",
"060.276.0050","CUÑAS  DE  MADERA,  PARA  ESPACIOS  INTERDENTARIOS. ENVASE  CON  100
PIEZAS.","ENVASE CON 100
PIEZAS.",
"S/C","DESENSIBILIZADOR PARA CAVIDADES  PROFUNDAS","ENVASE",
"S/C","DESENSIBILIZANTE CLI. PRO WHITE VARNISH 3M CON TCP","PIEZA",
"060.066.0872","DETERGENTE O LIMPIADOR  MONOENZIMÁTICO, COMPUESTO  DE CLORURO DE DODECIL  Ó DIDECIL  DIMETILAMONIO, ENZIMAS  PROTEOLÍTICAS, PH QUE ASEGURE  LA ACCIÓN  ÓPTIMA  DE LAS  ENZIMAS,  ACTIVO  EN TODO  TIPO  DE AGUA, NO CORROSIVO.  SOBRE CON 20 A 25 G. ENVASE DE 12 SOBRES.","ENVASE",
"060.308.0193","DISPOSITIVO  INTRAUTERINO, T DE COBRE  PARA NULÍPARAS,  ESTÉRIL,  CON
380 MM2 DE COBRE  ENROLLADO  CON BORDES  REDONDOS,  CON LONGITUD HORIZONTAL  DE 22.20  A 23.20  MM, LONGITUD  VERTICAL  DE 28.0 A 30.0 MM, FILAMENTO  DE 20 A 25 CM, BASTIDOR  CON UNA MEZCLA  DEL 77 AL 85% DE PLÁSTICO  GRADO  MÉDICO  Y DEL  15  AL  23%  DE  SULFATO  DE  BARIO,  CON TUBO INSERTOR Y APLICADOR  MONTABLE  CON TOPE CERVICAL.","PIEZA",
"060.308.0151","DISPOSITIVO  INTRAUTERINO. CU 375 CORTO. ANTICONCEPTIVO DE POLIETILENO  ESTÉRIL  CON 375 MM2, DE COBRE,  CON BRAZOS  LATERALES, CURVADOS  Y FLEXIBLES,  CON 5 NÓDULOS  DE RETENCIÓN  CADA UNO, QUE LE DAN UN ANCHO  TOTAL  DE 16 A 20.5 MM. FILAMENTO  DE 20 A 25 CM DE LONGITUD,  CON TUBO INSERTOR CON TOPE CERVICAL.","PIEZA",
"060.308.0029","DISPOSITIVO  INTRAUTERINO. T DE COBRE, 380 A. ANTICONCEPTIVO ESTÉRIL CON  380  MM2,  DE  COBRE,  PLÁSTICO  GRADO  MÉDICO  77%  Y SULFATO  DE BARIO  USP  23%,  CON  FILAMENTO  LARGO  DE 30 CM CON  TUBO  INSERTOR, TOPE Y ÉMBOLO INSERTOR.","PIEZA",
"060.308.0169","DISPOSITIVO  INTRAUTERINO.CU 375 ESTÁNDAR.  ANTICONCEPTIVO DE POLIETILENO  ESTÉRIL  CON 375 MM2, DE COBRE,  CON BRAZOS  LATERALES, CURVADOS  Y FLEXIBLES,  CON 5 NÓDULOS  DE RETENCIÓN  CADA UNO, QUE LE DA UN ANCHO  TOTAL  DE 16 A 20.5  MM.  FILAMENTO  DE 20 A 25 CM DE LONGITUD,  CON TUBO INSERTOR CON TOPE CERVICAL.","PIEZA",
"060.354.0014","ESPATULA  DE AYRE MODIFICADA,  DE MADERA INASTILLABLE. INSTRUMENTO ALARGADO  CON DOS DIFERENTES  EXTREMOS.  DIMENSIONES: LARGO TOTAL
170.0 MM. ANCHO 7.0 MM. GROSOR  1.5 MM. EXTREMO  1: FORMA BIFURCADA EN FORMA DE HUESO. ENVASE CON 500 PZAS.","PIEZA",
"060.360.0032","ESPEJO   VAGINAL   DESECHABLE  MEDIANO   VALVA  SUPERIOR   DE  107.  CM. VALVA INFERIOR DE 12.0 CM. ORIFICIO CENTRAL DE 3.4 CM.","PIEZA",
"S/C","ESPEJO  VAGINAL  DESECHABLE MEDIANO  VALVA  SUPERIOR  MENOR  DE 107. CM. VALVA INFERIOR MENOR DE 12.0 CM. ORIFICIO CENTRAL DE 3.4 CM.","PIEZA",
"S/C","ESPEJO  VAGINAL  DESECHABLE, GRANDE,  VALVA SUPERIOR  MAYOR  DE 10.7
CM,  VALVA  INFERIOR  MAYOR  DE  12.0  CM,  ORIFICIO  CENTRAL  DE  3.4  CM. PIEZA","PIEZA",
"S/C","ESPEJO  VAGINAL  DESECHABLE, GRANDE,  VALVA SUPERIOR  MAYOR  DE 10.7
CM,  VALVA  INFERIOR  MAYOR  DE  12.0  CM,  ORIFICIO  CENTRAL  DE  3.4  CM. PIEZA","PIEZA",
"060.910.0011","EYECTORES  PARA SALIVA, DE PLÁSTICO,  DESECHABLE.","ENVASE CON 100
PIEZAS",
"010.000.1254.00","FLORURO DE SODIO PARA ENJUAGUE  BUCODENTAL POLVO","SOBRE CON 4 GR.",
"060.066.0112","FLUORURO   DE  SODIO,  SOLUCIÓN   INGERIBLE.   CADA  100  ML   CONTIENEN: FLUORURO  DE SODIO EQUIVALENTE A: 248.8 MG DE ION - FLÚOR,","ENVASE CON 10 ML C/DISPENSADOR",
"060.066.0500","FLUORURO  DE SODIO PARA PREVENCIÓN  DE CARIES. ACIDULADO  AL 2%. EN GEL DE SABOR.","FRASCO CON 480 ML",
"060.622.0143","FORMOCRESOL  PARA   MONIFICACIÓN  Y  DESVITALIZACIÓN  DE  LA  PULPA DENTARIA DE BUCKLEY","ENVASE C/ 30ML",
"S/C","FRASCO   PARA   RECOLECCION  DE   MUESTRA   FECAL   CON   BOCA   ANCHA TAPAROSCA  (TIPO POMADERA)","FRASCO",
"060.431.417","FRESA     (ODONTOLÓGICA)    CARBURO     REDONDA     NUMEROS      5    ALTA VELOCIDAD","PIEZA",
"060.431.0532","FRESA    DIAMANTE     FORMA    REDONDA     GRANO    GRUESO    NO.14    ALTA VELOCIDAD","PIEZA",
"060.431.0672","FRESA   DE  CARBURO   FORMA   CONO   INVERTIDO   No.  33  1/2   PIEZA   ALTA VELOCIDAD","PIEZA",
"060.431.0565","FRESA  (ODONTOLÓGICA  MEDIANA)   FRESA  DIAMANTE   REDONDA   NUMERO
012 ALTA VELOCIDAD","PIEZA",
"040.431.0581","FRESA  (ODONTOLÓGICA) FRESA  DIAMANTE  REDONDA  NUMEROS  009  ALTA VELOCIDAD","PIEZA",
"060.431.0524","FRESA  (ODONTOLÓGICA) FRESA  DIAMANTE  REDONDA  NUMEROS  010  ALTA VELOCIDAD","PIEZA",
"060.431.0466","FRESA  DE CARBURO  PARA PIEZA DE ALTA FORMA  TRONCOCÓNICA  NO.701
ALTA VELOCIDAD","PIEZA",
"060.431.0664","FRESA  DIAMANTE   PARA  PIEZA  DE  MANO  DE  LATA  VELOCIDAD   DE  CONO INVERTIDO  No. 12","PIEZA",
"060.431.433","FRESA (ODONTOLÓGICA) CARBURO CONO INVERTIDO   37 ALTA VELOCIDAD","PIEZA",
"060.431.0490","FRESA (ODONTOLÓGICA) CARBURO CONO INVERTIDO  34 ALTA VELOCIDAD","PIEZA",
"060.431.0656","FRESA DE CARBURO FORMA CILINDRICA  No. 556  PIEZA ALTA VELOCIDAD","PIEZA",
"060.431.0631","FRESA DE CARBURO FORMA CILINDRICA  No. 557 PIEZA ALTA VELOCIDAD","PIEZA",
"060.431.0052","FRESA DE CARBURO FORMA CILINDRICA  No. 560 ALTA VELOCIDAD","PIEZA",
"060.431.0466","FRESA DE CARBURO FORMA CILINDRICA  No. 701 PIEZA ALTA VELOCIDAD","PIEZA",
"060.431.0467","FRESA DE CARBURO FORMA CILINDRICA  No. 702 PIEZA ALTA VELOCIDAD","PIEZA",
"060.431.0011","FRESA DE CARBURO FORMA DE PERA NUM 330 ALTA VELOCIDAD","PIEZA",
"060.431.0037","FRESA DE CARBURO FORMA DE PERA NUM 331 ALTA VELOCIDAD","PIEZA",
"060.431.0649","FRESA DE CARBURO FORMA REDONDA No. 1 PIEZA","PIEZA",
"060.431.0409","FRESA DE CARBURO FORMA REDONDA No. 3 PIEZA DE ALTA VELOCIDAD","PIEZA",
"S/C","FRESA QUIRURGICA  DE FISURA","PIEZA",
"060.431.0581","FRESAS   DE  DIAMANTE   FINO   PARA   PIEZA   DE  ALTA   VELOCIDAD   FORMA CILÍNDRICA  GRANDE 6 ALTA VELOCIDAD","PIEZA",
"S/C","FRESAS  PARA  TERMINADO  Y PULIDO  DE RESINAS  DORADAS,  GRANO  FINO DE DIAMANTE","PIEZA",
"060.431.0540","FRESAS DE DIAMANTE  FINO PARA PIEZA DE ALTA VELOCIDAD  FORMA CONO INVERTIDO  10 ALTA VELOCIDAD","PIEZA",
"060.436.0206","GASA  SIMPLE  SECA.  DE  ALGODÓN  TIPO  HOSPITAL.  ROLLO  TEJIDO  PLANO (DOBLADA).  LARGO 91 M ANCHO 91 CM.","ROLLO",
"060.436.0107","GASA SECA CORTADA  DE ALGODÓN.  LARGO 10 CM. ANCHO  10 CM. ENVASE CON  200  PIEZAS.  MÍNIMO  28371  MÁXIMO  29625.  CLAVE:  060.436.0206  GASA SIMPLE  SECA.  DE ALGODÓN  TIPO HOSPITAL.  ROLLO  TEJIDO  PLANO (DOBLADA).  LARGO 91 M ANCHO 91 CM.","ROLLO",
"060.436.0552","GASA SECA CORTADA DE ALGODÓN CON MARCA OPACA A RAYOS ""X"" LARGO
10 CM. ANCHO 10 CM. ENVASE CON 200 PIEZAS.","ENVASE CON 200
PIEZAS",
"060.436.0057","GASA SECA CORTADA DE ALGODÓN.  LARGO 7.5 CM. ANCHO 5 CM.","ENVASE CON 200
PIEZAS",
"060.436.0685","GASA SECA CORTADA DE TELA NO TEJIDA NO ESTÉRIL. 10 CM X 10 CM.","ENVASE CON 200
PIEZAS",
"060.436.0677","GASA SECA CORTADA DE TELA NO TEJIDA NO ESTÉRIL. 7.5 CM X 7.5 CM.","ENVASE CON 200
PIEZAS",
"S/C","GEL  CONDUCTOR.  AGENTE  ACUOSO  PARA  ULTRASONIDO  Y PROCEDIMIENTOS ELECTROMÉDICOS CON BASE DE PROPANODIOL, TRIETANOLAMINA Y AGUA PURIFICADA.  ENVASE CON 250 ML.","ENVASE",
"070.591. 0040","GEL  CONDUCTOR.  AGENTE  ACUOSO  PARA  ULTRASONIDO  Y PROCEDIMIENTOS ELECTROMÉDICOS CON BASE DE PROPANODIOL, TRIETANOLAMINA Y AGUA PURIFICADA.  ENVASE CON 3800 ML.","ENVASE",
"S/C","GEL ANTIBACTERIAL GEL CON DISPENSADOR GALON  3.7 LTS","GALÓN",
"060.596.0111","GLICERINA  ENVASE CON 55 ML","ENVASE",
"S/C","GLUCONATO  DE CLORHEXIDINA AL 0.5 % P/V EN ALCOHOL ETILICO E ISOPROPILICO AL 70 % V/V INGREDIENTES INACTIVOS:  AGUA  DESIONIZADA CONTIENE 500 ML","PIEZA",
"S/C","GLUCONATO  DE CLORHEXIDINA AL 0.5 % P/V EN ALCOHOL ETILICO E ISOPROPILICO AL 70 % V/V INGREDIENTES INACTIVOS:  AGUA  DESIONIZADA CONTIENE 500 ML","PIEZA",
"060.456.0409","GUANTE     PARA    EXPLORACIÓN    AMBIDIESTRO    ESTÉRILES.     DE    LÁTEX DESECHABLES. TAMAÑO: GRANDE .","ENVASE CON 100
PIEZAS",
"060.456.0391","GUANTE     PARA    EXPLORACIÓN    AMBIDIESTRO    ESTÉRILES.     DE    LÁTEX DESECHABLES. TAMAÑO: MEDIANO .","ENVASE CON 100
PIEZAS",
"060.456.0045","GUANTE   PARA  EXPLORACIÓN  AMBIDIESTRO  ESTÉRILES.   DE  POLIETILENO DESECHABLES. TAMAÑO: GRANDE.","ENVASE CON 100
PIEZAS",
"060.456.0037","GUANTE   PARA  EXPLORACIÓN  AMBIDIESTRO  ESTÉRILES.   DE  POLIETILENO DESECHABLES. TAMAÑO: MEDIANO.","ENVASE CON 100
PIEZAS",
"060.461.0154","GUATA   DE   TELA   NO   TEJIDA   DE   ALGODÓN   O   FIBRAS   DERIVADAS    DE CELULOSA  Y RESINAS. LONGITUD 5 M. ANCHO 10 CM.","ENVASE CON 24
PIEZAS",
"060.461.0162","GUATA   DE   TELA   NO   TEJIDA   DE   ALGODÓN   O   FIBRAS   DERIVADAS    DE CELULOSA  Y RESINAS. LONGITUD 5 M. ANCHO 15 CM.","ENVASE CON 24
PIEZAS",
"060.461.0188","GUATA   DE   TELA   NO   TEJIDA   DE   ALGODÓN   O   FIBRAS   DERIVADAS    DE CELULOSA  Y RESINAS. LONGITUD 5 M. ANCHO 20 CM.","ENVASE CON 24
PIEZAS",
"060.461.0147","GUATA   DE   TELA   NO   TEJIDA   DE   ALGODÓN   O   FIBRAS   DERIVADAS    DE CELULOSA  Y RESINAS.LONGITUD 5 M. ANCHO 5 CM.","ENVASE CON 24
PIEZAS",
"060.182.1150","HIDRÒXIDO  DE CALCIO ESTUCHE BASE-CATALIZADOR, PARA SELLAR CAVIDADES DENTALES. DE HIDRÓXIDO DE CALCIO, COMPUESTO AUTOPOLIMERIZABLE,  DOS  PASTAS   SEMILÍQUIDAS,  BASE  13G  Y CATALIZADOR 11GR CON BLOQUE DE PAPEL PARA MEZCLAR,  ESTUCHE  CON JUEGO Y APLICADOR  DESECHABLE","PIEZA",
"060.203.0439","HILO RETRACTOR  DE ENCIAS.  DE ALGODÓN,  SECO  Y SUAVE,  IMPREGNADO CON SAL DE ALUMINIO.  CALIBRE: MEDIANO. ENVASE CON ROLLO DE 3M.","ENVASE CON ROLLO DE 3M.",
"060.811.0060","HILO SEDA DENTAL. SIN CERA. ENVASE CON ROLLO DE 50M.","ENVASE CON ROLLO DE 50 M",
"S/C","HISOPO    RAYON   O   DACRON    (POLYESTER)    CON   MANGO   FLEXIBLE    DE ALAMBRE O PLASTICO, PARA LA TOMA MUESTRA NASOFARINGEA EN LA DETECCION  DE RUBEOLA 1 PIEZA","PIEZA",
"060.066.0658","IODOPOVIDONA  ESPUMA.  CADA  100  ML  CONTIENEN:   IODOPOVIDONA  8  G. EQUIVALENTE A 0.8 G DE YODO.","ENVASE CON 3.5 L.",
"060.066.0666","IODOPOVIDONA SOLUCION  CADA  100 ML CONTIENEN  IODOPOVIDONA 11 G., EQUIVALENTE A 1.1 G DE YODO. ENVASE CON 3.5 ML.","ENVASE CON 3.5 L",
"060.182.0178","IONÓMERO   DE  VIDRIO  RESTAURATIVO  II.  COLOR:   NO.  21.  POLVO:   15  G. SILICATO  DE ALUMINIO:  95%-97%.  ÁCIDO POLIACRÍLICO: 3%- 5%. LÍQUIDO:  10
G, 8 ML  ÁCIDO  POLIACRÍLICO: 75%.  ÁCIDO  TARTÁRICO:  10%  - 15%.  BARNIZ COMPATIBLE  LÍQUIDO: 10 G. ESTUCHE.","ESTUCHE.",
"060.182.0186","IONÓMERO   DE  VIDRIO  RESTAURATIVO  II.  COLOR:   NO.  22.  POLVO:   15  G. SILICATO  DE ALUMINIO:  95%-97%.  ÁCIDO POLIACRÍLICO: 3%- 5%. LÍQUIDO:  10
G, 8 ML  ÁCIDO  POLIACRÍLICO: 75%.  ÁCIDO  TARTÁRICO:  10%  - 15%.  BARNIZ COMPATIBLE  LÍQUIDO: 10 G. JUEGO.","JUEGO",
"060.182.0194","IONÓMERO  DE VIDRIO CON ALEACION  DE LIMADURA  DE PLATA. POLVO 15 G. SILICATO  DE ALUMINIO  100%. LIQUIDO 10 G, 8 ML. ACIDO POLIACRILICO 45%. POLVO DE LIMADURA  DE PLATA 17 G. PLATA 56%, ESTAÑO 29%. COBRE 15%. ESTUCHE.","ESTUCHE.",
"060.182.0228","IONÓMERO  DE VIDRIO PARA TRATAMIENTO RESTAURATIVO ATRAUMÁTICO.POLVO: 10 G. SILICATO DE ALUMINIO 89 -95%. ÁCIDO POLIACRÍLICO 0.-10%. LÍQUIDO 6 G, 4.8 ML AGUA DESTILADA.  ÁCIDO POLIACRÍLICO  40  -50%.   BARNIZ   5  G.  CLORURO   DE  POLIVINIL   10  -20%. ACETATO ETÍLICO 75 -85%. ESTUCHE.","PIEZA",
"60.182.1440","IONOMERO  DE VIDRIO RESTAURATIVO TIPO II  TRATAMIENTO RESTAURATIVO ATRAUMÁTICO   (TRA)    Y   MINIMA    INVASIÓN     (MI).      POLVO    DE   12.5    G RADIOPACO,   ALUMINIO-CALCIO-LANTANO DE VIDRIO FLUOROSILICATO, PIGMENTOS  Y ACIDO  POLIACRILICO Y LÍQUIDO  DE  8.5  ML,  ACIDO POLIACRILICO, ACIDO  TARTARICO  Y AGUA.   LOSETA  DE PAPEL  ENCERADO, CUCHARILLA  DISPENSADORA E INSTRUCTIVO.  TONO A3.","ENVASE",
"S/C","JABON CON CLORHEXIDINA AL 2 % ANTISEPTICO  DE AMPLIO ESPECTRO  CON ACCION  INTERMEDIA   Y  PROLONGADA  PARA  LAVADO  DE  MANOS INGREDIENTE ACTIVO AL 2 % P/V 950 ML PIEZA","PIEZA",
"S/C","JABON CON CLORHEXIDINA AL 4 % ANTISEPTICO  DE AMPLIO ESPECTRO  CON ACCION  INTERMEDIA   Y  PROLONGADA  PARA  LAVADO  DE  MANOS INGREDIENTE ACTIVO AL 4 % P/V 946 ML PIEZA","PIEZA",
"060.066.0054","JABON NEUTRO ADICIONADO  CON GLICERINA,  PASTILLA DE 100 G. PIEZA","PIEZA",
"060.066.0070","JABON PARA USO PREQUIRÚRGICO LÍQUIDO  Y NEUTRO  (PH 7).ENVASE  CON
18 L.","ENVASE CON 18 L.",
"060.543.0115","JALEA LUBRICANTE.  ASÉPTICA.","ENVASE CON 135 G",
"060.550.0354","JERINGA    DE   PLÀSTICO    CON   PIVOTE    TIPO   LUER   LOCK,    CON   AGUJA ESTERILES  Y DESECHABLES CAPACIDAD  10 ML. ESCALA  GRADUADA  EN ML. DIVISIONES  DE 1.0  Y SUBDIVISIONES DE 0.2  CON  AGUJA  DE:  LONGITUD  32
MM. Y CALIBRE 20 G. PIEZA.","PIEZA.",
"060.550.0370","JERINGA   DE   PLÁSTICO.    CON   PIVOTE   TIPO   LUER   LOCK,   CON   AGUJA, ESTÉRILES  Y DESECHABLES. CAPACIDAD  20 ML, ESCALA GRADUADA  EN ML, DIVISIONES  DE 5.0 Y SUBDIVISIONES DE 1.0. CON AGUJA  DE: LONGITUD:  32
MM,  CALIBRE 20 G. PIEZA.","PIEZA.",
"060.550.2517","JERINGA   DE  PLÁSTICO   GRADO   MÉDICO   CON   PIVOTE   TIPO   LUER   LOCK CAPACIDAD  DE 10 ML ESCALA GRADUADA  EN ML CON DIVISIONES  DE 1.0 ML Y  SUBDIVISIONES  DE  0.2  ML  CON   AGUJA   CALIBRE   20  G  Y  36  MM  DE LONGITUD.  ESTÉRIL Y DESECHABLE.","PIEZA",
"060.550.1279","JERINGA   DE  PLÁSTICO   GRADO   MÉDICO   CON   PIVOTE   TIPO   LUER   LOCK CAPACIDAD  DE 3 ML ESCALA GRADUADA  EN ML CON DIVISIONES  DE 0.5 ML Y SUBDIVISIONES DE 0.1 ML CON AGUJA CALIBRE  22 G Y 32 MM DE LONGITUD. ESTÉRIL Y DESECHABLE.","PIEZA",
"060.550.0404","JERINGA   DE  PLASTICO   SIN  AGUJA,  CON  BULBO  DE  HULE,  DESECHABLE. CAPACIDAD  DE DE 60 ML. PIEZA.","PIEZA.",
"060.550.1147","JERINGA   DE  PLÁSTICO,   PARA  TUBERCULINA,  PLASTICO   GRADO  MEDICO, CAPACIDAD  DE 1 ML, CON ESCALA  GRADUADA  EN ML, CON DIVISIONES  DE
0.05 Y SUBDIVISIONES DE 0.01 ML CON AGUJA LONGITUD  16 MM, CALIBRE 25
G. ESTÉRIL Y DESECHABLE. ENVASE CON 200 PIEZAS.","ENVASE CON 200
PIEZAS",
"060.551.2078","JERINGA   HIPODÉRMICA,  REUSABLE,   PARA  CARTUCHO   ANESTÉSICO.  TIPO CARPULE. PIEZA.","PIEZA",
"060.550.0677","JERINGA  CON  AGUJA,  DE PLASTICO,  ESTERILES  Y DESECH.  CAPACIDAD  10
ML. ESCALA GRADUADA  EN ML. DIVISIONES  DE 1.0  ML. Y SUBDIVISIONES DE
0.2 ML. C/A  32 X  21 G. PIEZA.","PIEZA.",
"060.550.0016","JERINGA  CON  AGUJA,  DE PLASTICO,  ESTERILES  Y DESECH.  CAPACIDAD  10
ML. ESCALA GRADUADA  EN ML. DIVISIONES  DE 1.0  ML. Y SUBDIVISIONES DE
0.2 ML. C/A  38 X 20 G. PIEZA","PIEZA",
"060.550.0735","JERINGA  CON  AGUJA,  DE PLASTICO,  ESTERILES  Y DESECH.  CAPACIDAD  20
ML. ESCALA GRADUADA  EN ML. DIVISIONES  DE 5.0  ML.     SUBDIVISIONES DE
1.0 ML. C/A. 32 X  21 G. PIEZA.","PIEZA.",
"060.550.0024","JERINGA  CON  AGUJA,  DE PLASTICO,  ESTERILES  Y DESECH.  CAPACIDAD  20
ML. ESCALA GRADUADA  EN ML. DIVISIONES  DE 5.0  ML. Y SUBDIVISIONES DE
1.0 ML. C/A. 38 X  20 G. PIEZA.","PIEZA.",
"060.550.0446","JERINGA  DE PLÁSTICO  SIN AGUJA CON PIVOTE  TIPO LUER LOCK ESTÉRIL  Y DESECHABLE CAPACIDAD  10  ML.,  DIVISIONES  DE  1.0  Y SUBDIVISIONES DE
0.2. ENVASE CON 100 PIEZAS.","ENVASE CON 100
PIEZAS.",
"060.550.0453","JERINGA  DE PLÁSTICO  SIN AGUJA CON PIVOTE  TIPO LUER LOCK ESTÉRIL  Y DESECHABLE CAPACIDAD  20 ML., DIVISIONES  DE 5.0 Y SUBDIVISIONES DE 1.0
. ENVASE CON 50 PIEZAS.","ENVASE CON 50
PIEZAS.",
"060.550.0222","JERINGA  DE PLÁSTICO  SIN AGUJA CON PIVOTE  TIPO LUER LOCK ESTÉRIL  Y DESECHABLE CAPACIDAD  3 ML., DIVISIONES  DE 0.5 Y SUBDIVISIONES DE 0.1. ENVASE CON 100 PIEZAS.","ENVASE CON 100
PIEZAS.",
"060.550.0438","JERINGA  DE PLÁSTICO  SIN AGUJA CON PIVOTE  TIPO LUER LOCK ESTÉRIL  Y DESECHABLE CAPACIDAD  5 ML., DIVISIONES  DE 1.0 Y SUBDIVISIONES DE 0.2. ENVASE CON 100 PIEZAS.","ENVASE CON 100
PIEZAS.",
"060.550.2657","JERINGA  DE PLÁSTICO,  PARA APLICAR  BCG Y ANTISARAMPIÓN, CAPACIDAD
0.5  ML  CON  DOS  AGUJAS,  UNA  CALIBRE  20  X  32  MM  PARA  CARGAR  LA JERINGA CON EL BIOLÓGICO  Y OTRA 27 X 13 MM PARA APLICAR  LA VACUNA, CADA JERINGA CON LA LEYENDA “PROGRAMA  DE ATENCIÓN A LA SALUD DEL NIÑO”  (SEGÚN  PROGRAMA   VIGENTE).   ESTÉRIL  Y  DESECHABLE. EMPAQUE PROTECTOR  INDIVIDUAL  Y GRADUACIÓN.","CAJA CONTENEDORA CON 100 PIEZAS",
"060.550.2715","JERINGA  DESECHABLE  PARA  APLICAR  0.5  ML  DE  LAS  VACUNAS: ANTIINFLUENZA EN  ADULTOS;  DPT  +  HEPATITIS  B  +  HIB;  DPT,  Y TOXOIDE TETÁNICO;  CAPACIDAD  DE 0.5 ML, GRADUADA  EN DÉCIMAS  DE ML, CON DOS AGUJAS:  UNA  DE CALIBRE  20 X 32 MM PARA  CARGAR  LA JERINGA  CON EL BIOLÓGICO  Y OTRA DE CALIBRE 22 X 32 MM PARA APLICAR LA VACUNA; CON ÉMBOLO  QUE  PERMITA  LA  INUTILIZACIÓN  DE  LA  MISMA  DESPUÉS   DE  SU USO. CON LA LEYENDA “VACUNACIÓN UNIVERSAL”.","CAJA INCINERABLE CON 50 Ó  100 PIEZAS",
"060.550.2707","JERINGA  DESECHABLE PARA APLICAR  0.25 ML DE VACUNA  ANTIINFLUENZA; CAPACIDAD  DE 0.5 ML, GRADUADA  EN DÉCIMAS  DE ML (0.25 ML), CON DOS AGUJAS:  UNA  DE CALIBRE  20 X 32 MM PARA  CARGAR  LA JERINGA  CON EL BIOLÓGICO  Y OTRA DE CALIBRE 23 X 25 MM PARA APLICAR LA VACUNA; CON ÉMBOLO  QUE  PERMITA  LA  INUTILIZACIÓN  DE  LA  MISMA  DESPUÉS   DE  SU USO. CON LA LEYENDA “VACUNACIÓN UNIVERSAL”.","CAJA INCINERABLE CON 50 Ó  100 PIEZAS",
"060.550.0685","JERINGA  PARA  EXTRAER  SANGRE  O INYECTAR  SUSTANCIAS,   CON  PIVOTE TIPO LUER LOCK, DE POLIPROPILENO, VOLUMEN  DE 5 ML Y AGUJA CALIBRE
21 G Y 32 MM DE LONGITUD.  ESTÉRIL.","ENVASE CON 100
PIEZAS",
"060.550.2186","JERINGA  PARA  INSULINA  CON AGUJA.  CAPACIDAD  1 ML. GRADUADA  DE 0 A
100  UNIDADES.   CON  AGUJA  LONGITUD   13  MM.  CALIBRE27   G.  ESTERIL   Y DESECHABLE.","ENVASE CON 200
PIEZAS.",
"060.550.2590","JERINGA DE PLÁSTICO GRADO MÉDICO DE 1 ML DE CAPACIDAD ESCALA GRADUADA  EN ML CON  DIVISIONES  DE 0.1 Y SUBDIVISIONES DE 0.01  ML Y AGUJA DE 22 G Y 32 MM DE LONGITUD.  ESTÉRIL Y DESECHABLE.","PIEZA",
"060.550.2608","JERINGA DE PLÁSTICO GRADO MÉDICO DE 5 ML DE CAPACIDAD ESCALA GRADUADA  EN  ML  CON  DIVISIONES  DE  1.0  ML  Y SUBDIVISIONES DE  0.2  Y AGUJA DE 20 G Y 38 MM DE LONGITUD ESTÉRIL Y DESECHABLE.","PIEZA",
"060.550.2640","JERINGA DE PLÁSTICO PARA APLICAR DPT Y TOXOIDE TETÁNICO CAPACIDAD
0.5  ML  CON  DOS  AGUJAS  UNA  CALIBRE   20  X  32  MM  PARA  CARGAR   LA JERINGA  CON EL BIOLÓGICO  Y OTRA 22 X 32 MM PARA APLICAR  LA VACUNA CADA JERINGA CON LA LEYENDA “PROGRAMA  DE ATENCIÓN A LA SALUD DEL NIÑO""  (SEGUN  PROGRAMA   VIGENTE).   ESTERIL  Y  DESECHABLE. EMPAQUE PROTECTOR  INDIVUDUAL  Y GRADUACION.","CAJA CONTENEDORA CON 100 PIEZAS",
"060.550.2699","JERINGA DESECHABLE PARA APLICAR VACUNA CONTRA HEPATITIS “B”, CAPACIDAD   1.0  ML,  GRADUADA   EN  DÉCIMAS   DE  MILÍMETROS   CON  DOS AGUJAS:   UNA  DE  CALIBRE   20  X  32  PARA  CARGAR   LA  JERINGA   CON  EL BIOLÓGICO  Y OTRA  DE  CALIBRE  25  X 16  PARA  APLICAR  LA  VACUNA  CON ÉMBOLO  QUE  PERMITE  LA  INUTILIZACIÓN  DE  LA  MISMA  DESPUÉS   DE  SU USO. CON LA LEYENDA “VACUNACIÓN UNIVERSAL”.","CAJA INCINERABLE CON 50 PIEZAS",
"060.550.1147","JERINGA PARA TUBERCULINA CON AGUJA. PLÁSTICO  GRADO MÉDICO CAPACIDAD  1 ML ESCALA  GRADUADA  EN ML CON DIVISIONES  DE 0.05 ML Y SUBDIVISIONES DE 0.01 ML CON AGUJA LONGITUD16  MM CALIBRE 25 G. ESTÉRILES  Y DESECHABLES.","ENVASE CON 200
PIEZAS",
"S/C","JUEGO    DE    LIQUIDO    REVELADOR    Y   LIQUIDO    FIJADOR    USO    DENTAL PRESENTACIÒN 500 ML.","JUEGO",
"080.574.0016","LANCETA METÁLICA,  INTEGRADA  A UN CUERPO DE PLÁSTICO.  CAJA C/200","ENVASE",
"S/C","LANCETAS  ESPECIALIZADAS PARA TAMIZ  NEONATAL,  DE INCISION  1.0 MM X
2.5 MM, COLOR  VERDE,  INTEGRADA  A UN DISPARADOR  DE PLASTICO,  CON DISPOSITIVO  PLASTICO REMOVIBLE  QUE ASEGURE LA ESTERILIDAD.","CAJA",
"S/C","LANCETAS  ESPECIALIZADAS PARA TAMIZ NEONATAL,  DE INCISION 0.85 MM X
1.75 MM, COLOR  ROSA,  INTEGRADA  A UN DISPARADOR  DE PLASTICO,  CON DISPOSITIVO  PLASTICO REMOVIBLE  QUE ASEGURE LA ESTERILIDAD.","CAJA",
"S/C","LANCETAS  PARA TOMA DE TAMIZ NEONATAL","CAJA",
"S/C","LANCETAS  PARA TOMA DE TAMIZ PARA PACIENTE PREMATURO","CAJA",
"060.593.0106","LOSETA PARA BATIR CEMENTO.  DE VIDRIO. TAMAÑOS:  8 X 12 X 0.5 CM.","PIEZA",
"060.630.0028","MERCURIO  TRIDESTILADO. QUIMICAMENE PURO. ENVASE CON 250 G.","ENVASE CON 250 G",
"060.683.0057","PAÑOS PARA EXPRIMIR AMALGAMA  DE ALGODÓN FORMA CIRCULAR.","ENVASE CON 100
PIEZAS",
"060.491.0018","PAPEL INDICADOR  DE CONTACTO  OCLUSAL.  EN TIRAS, CON PEGAMENTO  EN AMBAS CARAS. BLOCK CON 15 HOJAS.","BLOCK CON 15
HOJAS.",
"060.749.0703","PASTA  PARA  PROFILAXIS   DENTAL.  ABRASIVA.  CON  ABRASIVOS   BLANDOS. ENVASE CON 200 G.","ENVASE CON 200 G",
"070.707.0132","PELÍCULA    ORTOCROMATICA   SENSIBLE    AL    VERDE    PARA    RADIOLOGÍA GENERAL    MEDIDAS:    35.6   X   35.6   CM.   (14X14   PULG.).   CAJA   CON   100
PELICULAS.","CAJA CON 100
PELICULAS.",
"070.707.0140","PELÍCULA    ORTOCROMATICA   SENSIBLE    AL    VERDE    PARA    RADIOLOGÍA GENERAL    MEDIDAS:    35.6   X   43.2   CM.   (14X17   PULG.).   CAJA   CON   100
PELICULAS.","CAJA CON 100
PELICULAS.",
"070.707.0041","PELÍCULA    ORTOCROMATICA   SENSIBLE    AL    VERDE    PARA    RADIOLOGÍA GENERAL MEDIDAS: 20.3 X 25.4 CM. (  8X10 PULG.) CAJA CON 100 PELICULAS.","CAJA CON 100
PELICULAS.",
"070.707.0090","PELÍCULA    ORTOCROMATICA   SENSIBLE    AL    VERDE    PARA    RADIOLOGÍA GENERAL, MEDIDAS: 24 X 30CM. (10X12 PULG. ). CAJA CON 100 PELICULAS.","CAJA CON 100
PELICULAS.",
"070.707.0173","PELICULA   ORTOCROMATICA  SENSIBLE   AL   VERDE   PARA   MASTOGRAFIA. MEDIDAS: 18 X 24 CMS. ENVASE CON 100 PIEZAS.","ENVASE CON 100
PIEZAS.",
"060.701.0360","PERILLA PARA ASPIRACIÓN  DE SECRECIONES. DE HULE. NO. 2.","PIEZA",
"060.701.0378","PERILLA PARA ASPIRACIÓN  DE SECRECIONES. DE HULE: NO.4. PIEZA","PIEZA",
"S/C","PIEDRAS DE ARKANSAS  BOLA Y FLAMA","PIEZA",
"060.685.0915","PLIEGOS  DE PAPEL  GRADO  MÉDICO  (BLANCO  O CREPADO)  IMPRESOS  CON INDICADOR(ES)  PARA   ESTERILIZAR   EN  GAS  O  VAPOR.   ANCHO:   110  CM. LARGO: 110 CM.","ENVASE CON 250
HOJAS CADA UNO.",
"080.855.0164","POMADERA   DE  POLIETILENO   DE  ALTA  DENSIDAD   (60003)   NATURAL   CON TAPON, TIPO ROSCA CIERRE HERMETICO.","PIEZA",
"080.729.0010","PORTA OBJETOS DE VIDRIO RECTANGULARES DE GROSOR UNIFORME  DE 75
X 25 X 0.8 A 1.1 MM. LISOS. ENVASE CON 50 PIEZAS","ENVASE CON 50
PIEZAS",
"060.753.0102","PUNTAS      DE     GUTAPERCHA     PARA     OBTURACIÓN      DE     CONDUCTOS RADICULARES. NÚMEROS:  10 A 40 (DE 5 EN 5).","ENVASE CON 200",
"060.753.0011","PUNTAS      DE     GUTAPERCHA     PARA     OBTURACIÓN      DE     CONDUCTOS RADICULARES. NÚMEROS:  45 A 80 (DE 5 EN 5).","ENVASE CON 200",
"060.753.0052","PUNTAS    ABSORBENTES   PARA    ENDODONCIA.   DE    PAPEL,    ESTÉRILES. NÚMEROS:  10 A 40 (DE 5 EN 5).","ENVASE CON 200",
"060.753.0029","PUNTAS    ABSORBENTES   PARA    ENDODONCIA.   DE    PAPEL,    ESTÉRILES. NÚMEROS:  45 A 80 (DE 5 EN 5).","ENVASE CON 200",
"S/C","PUNTAS DE HULE PARA PULIR RESINAS BOLA","PIEZA",
"S/C","PUNTAS DE HULE PARA PULIR RESINAS DE ALTA VELOCIDAD  FLAMA","PIEZA",
"060.771.0068","RASTRILLO  DE CABEZA  FIJA RECTANGULAR. DE 1 A 1.5 CM DE ANCHO  Y DE
3.5  A 4.5  CM  DE LONGITUD.  CON  BORDE  LISO  BANDA  LUBRICANTE  DOBLE HOJA DE AFEITAR  SOBREPUESTAS UNIDAS  CADA 3 A 5 MM. MANGO  RÍGIDO REFORZADO  RESISTENTE  DE  7.5  A 10  CM  DE  LONGITUD  Y CURVATURA  O ANGULACION  A LA UNION DE LA CABEZA. DESECHABLES.","PIEZA",
"060.771.0050","RASTRILLO  DESECHABLE. PIEZA.","PIEZA",
"060.597.0037","RESINA     AUTOPOLIMERIZABLE    PARA     RESTAURACIONES    DE    DIENTES ANTERIORES  EPOXICAS A BASE DE CUARZO Y AGLUTINANTES.","ESTUCHE CON BASE Y CATALIZADOR",
"060.800.0014","SAFENOTOMO, CON GUÍA METÁLICA, MULTIFILAMENTO RECUBIERTO  DE PLÁSTICO  FLEXIBLE  CON PUNTA ROMA  EN EL EXTREMO  DISTAL,  CON TRES OLIVAS   DE  DIFERENTES   TAMAÑOS   Y  MANGO   PARA  JALAR  DE  LA  GUÍA. ESTERIL Y DESECHABLE. PIEZA.","PIEZA",
"S/C","SELLADOR  DE FOSETAS Y FISURAS FOTOPOLIMERIZABLE, CON TECNOLOGIA DE CAMBIO DE COLOR (ROSA DURANTE  SU APLICACIÒN  A BLANCO  UNA VEZ FOTOPOLIMERIZADO)   Y   RELLENO    DE    6%,    DE    BAJA    VISCOSIDAD,    Y LIBERADOR  DE FLUOR , CON BASE EN BISFENOL DIGLICIDIL METACRILATO/TRIETHYLEN GLYCOL DIMETACRILATO/ETHYL-4 (DIMENTHYLAMINO) BENZOATO  (DL CAMFOROQUINONA /Y ROSA BENGALA.  2
JERINGAS  DE SELLADOR  DE 1.2 ML. 1 JERINGA  DE ACIDO FOSFORICO  3 ML.,
20 PUNTAS PARA JERINGAS DE SELLADOR  Y UNA GUIA TECNICA.","KIT CON 4
REPUESTOS  DE 3GR. C/U EN TONOS A3, A2, A3, 5, B2; FCO. DE ADPER SINGLE BOND II DE 6 GR. AC. GRABADOR  AL 35% REPUESTO  DE 3 GR. ACCESORIOS",
"060.815.0058","SELLADORES DE FISURAS Y FOSETAS.","ESTUCHE",
"S/C","SILICATO DE CALCIO (TEMACALK)  FOTOCURABLE","PIEZA",
"060.066.1003","SOLUCION  ESTERILIZANTE Y DESINFECTANTE DE SUPEROXIDACION CON PH NEUTRO, NO CORROSIVA.  SOLUCION AL 100%. ENVASE CON 5 L.","PIEZAS",
"060.066.0880","SOLUCIÓN CONCENTRADA ESTERILIZANTE EN FRIO DEL 8 AL 12.5% DE GLUTARALDEHIDO, PARA PREPARAR  UNA DILUCIÓN  DE USO FINAL DEL 2 AL
3.5%.  PARA  UTILIZARSE  EN  INSTRUMENTAL TERMOSENSIBLE LIMPIO  Y SIN MATERIAL  ORGÁNICO.  FRASCO  CON UN LITRO Y DOSIFICADOR INTEGRADO. ENVASE   CON  6  FRASCOS.   PARA   AQUELLOS   PRODUCTOS   QUE  INDICAN REUSO, SE DEBE COMPROBAR  SU ACTIVIDAD QUÍMICA O AUSENCIA DE CONTAMINACIÓN MEDIANTE CULTIVOS.  LA DILUCIÓN Y EL EMPLEO DEL PRODUCTO  CONCENTRADO SERÁ DE ACUERDO  A LAS INSTRUCCIONES DEL FABRICANTE.","ENVASE CON 6
FRASCOS.",
"060.833.0197","SOLUCIONES  DE ACETATO  DE CLOREXIDINA AL 10% SUMATRA  BENZOICO  20
MG Y ALCOHOL ETILICO CBP 1 ML, BARNIZ DE CLORURO DE METILENO POLIURETANO Y ACETATO  DE ETILO 1 ML PARA LA PREVENCION  DE CARIES DENTAL. ESTUCHE.","ESTUCHE.",
"070.817.0543","SOLUCIONES  PARA REVELADO  Y FIJADO PARA PROCESADORA AUTOMÁTICA, REVELADOR  CONCENTRADO PARA PREPARAR  76 LITROS.","ENVASE CON 19
LITROS",
"060.819.0021","SOLVENTE  ACETONA PARA USOS DIVERSOS.  ENVASE CON 1000 ML.","ENVASE CON 1000 ML.",
"060.869.0251","TELA  ADHESIVA   DE  ACETATO   CON  ADHESIVO   EN  UNA  DE  SUS   CARAS. LONGITUD 10 M . ANCHO 7.50 CM.","ENVASE CON 4 PIEZAS",
"060.869.0103","TELA  ADHESIVA   DE  ACETATO   CON  ADHESIVO   EN  UNA  DE  SUS  CARAS. LONGITUD 10 M . ANCHO 1.25 CM.","ENVASE CON 24
PIEZAS",
"060.869.0152","TELA  ADHESIVA   DE  ACETATO   CON  ADHESIVO   EN  UNA  DE  SUS  CARAS. LONGITUD 10 M . ANCHO 2.50 CM.","ENVASE CON 12
PIEZAS",
"060.869.0202","TELA  ADHESIVA.   DE  ACETATO   CON  ADHESIVO   EN  UNA  DE  SUS  CARAS. LONGITUD 10 M ANCHO 5.00 CM.  ENVASE CON 6. PIEZAS.","ENVASE CON 6 PIEZAS",
"060.879.0143","TERMOMETRO CLÍNICO DE VIDRIO TRANSPARENTE CON MERCURIO QUÍMICAMENTE PURO ESCALA GRADUADA  EN GRADOS  CENTÍGRADOS (35.5º C A 41º C) CON SUBDIVISIONES EN DÉCIMAS DE GRADO. RECTAL.","PIEZA",
"060.879.0150","TERMOMETRO CLINICO DE VIDRIO TRANSPARENTE, CON MERCURIO QUIMICAMENTE  PURO,   ESCALA   GRADUADA   EN   GRADOS   CENTIGRADOS (35.5° A 41°) CON SUBDIVISIONES EN DECIMAS DE GRADOS.   ORAL. PIEZA.","PIEZA.",
"080.889.2533","TIRA REACTIVA.  PARA  DETERMINACIÓN DE GLUCOSA  EN SANGRE  CAPILAR CON LÍMITE  DE MEDICIÓN  EN GLUCÓMETRO HASTA  500 O 600 MG/DL.  CON MEMBRANA  HIDROFÍLICA  IMPREGNADA CON ACTIVANTE  QUÍMICO:  GLUCOSA OXIDASA,   CON  REDUCTOR   E  INDICADOR   O  GLUCOSA   DESHIDROGENASA. PARA LA DETERMINACIÓN DE GLUCOSA.","ENVASE CON 50
TIRAS.",
"060.889.0208","TIRAS   DE   LIJA   PARA   PULIR   RESTAURACIONES  DE  RESINA.   GRUESO   Y MEDIANO. ENVASE CON 150 PIEZAS. TIRAS DOBLES.","ENVASE CON 150
PIEZAS. TIRAS DOBLES.",
"060.889.0158","TIRAS  DE  CELULOIDE   PARA  CONFORMAR   RESTAURACIONES  DE  RESINA. ANCHO DE 8 A 10 MM. CALIBRE FINO. ENVASE CON 50 PIEZAS.","ENVASE CON 50
PIEZAS",
"080.889.0099","TIRAS  REACTIVAS  PARA  DETERMINAR, COMO  MÍNIMO  10  PARÁMETROS EN ORINA:  GLUCOSA,  BILIRRUBINAS, CETONAS,  GRAVEDAD  ESPECÍFICA, SANGRE,     PH,    PROTEÍNAS,     UROBILINÓGENO,    NITRITOS,     LEUCOCITOS. FRASCO CON 100 TIRAS.","ENVASE",
"060.939.0059","VASELINA LÍQUIDA. ENVASE CON 18 L.","ENVASE CON 18 L.",
"060.953.0753","VENDA  DE MALLA ELASTICA   FORMA  TUBULAR  LONG. 100 M.  NO. 2 ENVASE CON 100 MTS.","ENVASE CON 100 MTS.",
"060.953.0761","VENDA  DE MALLA ELASTICA   FORMA  TUBULAR  LONG. 100 M.  NO. 3 ENVASE CON 100 MTS.","ENVASE CON 100 MTS.",
"060.953.0779","VENDA  DE MALLA ELASTICA   FORMA  TUBULAR  LONG. 100 M.  NO. 4 ENVASE CON 100 MTS.","ENVASE CON 100 MTS.",
"060.953.0787","VENDA  DE MALLA ELASTICA   FORMA  TUBULAR  LONG. 100 M.  NO. 5 ENVASE CON 100 MTS.","ENVASE CON 100 MTS.",
"060.953.0795","VENDA  DE MALLA ELASTICA   FORMA  TUBULAR  LONG. 100 M.  NO. 6 ENVASE CON 100 MTS.","ENVASE CON 100 MTS.",
"060.953.0555","VENDA  ENYESADA   DE  GASA  DE  ALGODÓN   RECUBIERTAS  DE  UNA  CAPA UNIFORME  DE YESO GRADO MÉDICO. LONGITUD 2.75 M. ANCHO 10 CM.","ENVASE CON 12
PIEZAS",
"060.953.0571","VENDA  ENYESADA   DE  GASA  DE  ALGODÓN   RECUBIERTAS  DE  UNA  CAPA UNIFORME  DE YESO GRADO MÉDICO. LONGITUD 2.75 M. ANCHO 15 CM.","ENVASE CON 12
PIEZAS",
"060.953.0456","VENDA  ENYESADA,   DE  GASA  DE  ALGODÓN,   RECUBIERTAS DE  UNA  CAPA UNIFORME  DE YESO  GRADO  MEDICO.  LONG.  2.75 M. ANCHO  5 CM. ENVASE CON 12 PIEZAS","ENVASE CON 12
PIEZAS",
"060.953.0597","VENDA  ENYESADA,   DE  GASA  DE  ALGODÓN,   RECUBIERTAS DE  UNA  CAPA UNIFORME  DE YESO GRADO  MEDICO.  LONG. 2.75 M. ANCHO 20 CM. ENVASE CON 12 PIEZAS.","ENVASE CON 12
PIEZAS",
"060.953.0209","VENDA DE GASA DE ALGODÓN.  LONGITUD 27 M. ANCHO 5 CM.","PIEZA",
"060.953.2866","VENDA ELÁSTICA  DE TEJIDO PLANO; DE ALGODÓN  CON FIBRAS SINTÉTICAS. LONGITUD 5 M. ANCHO 10 CM.","ENVASE CON 12
PIEZAS",
"060.953.2874","VENDA ELÁSTICA  DE TEJIDO PLANO; DE ALGODÓN  CON FIBRAS SINTÉTICAS. LONGITUD 5 M. ANCHO 15 CM.","ENVASE CON 12
PIEZAS",
"060.953.2825","VENDA ELÁSTICA  DE TEJIDO PLANO; DE ALGODÓN  CON FIBRAS SINTÉTICAS. LONGITUD 5 M. ANCHO 30 CM.","ENVASE CON UNA PIEZA",
"060.953.2858","VENDA ELASTICA  DE TEJIDO PLANO; DE ALGODÓN  CON FIBRAS SINTETICAS. LONGITUD 5 M. ANCHO 5 CM. ENVASE CON 12 PIEZAS.","ENVASE CON 12
PIEZAS",
